dim,precision,recall,f1
796,0.5,0.7,0.5833333333333334
2271,1.0,0.4,0.5714285714285714
2555,0.8,0.4,0.5333333333333333
3567,0.42857142857142855,0.6,0.5
302,0.6666666666666666,0.4,0.5
2903,1.0,0.3,0.46153846153846156
2152,0.5,0.4,0.4444444444444444
2146,0.4444444444444444,0.4,0.42105263157894735
2611,0.3157894736842105,0.6,0.41379310344827586
1281,0.6,0.3,0.4
685,0.6,0.3,0.4
3558,0.3333333333333333,0.4,0.36363636363636365
1899,0.22580645161290322,0.7,0.34146341463414637
18,1.0,0.2,0.3333333333333333
1973,1.0,0.2,0.3333333333333333
2365,0.2,0.9,0.32727272727272727
355,0.26666666666666666,0.4,0.32
3448,0.20588235294117646,0.7,0.3181818181818182
1582,0.3333333333333333,0.3,0.3157894736842105
633,0.1951219512195122,0.8,0.3137254901960784
2087,0.6666666666666666,0.2,0.3076923076923077
3258,0.2,0.5,0.2857142857142857
3951,0.5,0.2,0.2857142857142857
995,0.2727272727272727,0.3,0.2857142857142857
1180,0.1875,0.6,0.2857142857142857
4037,0.175,0.7,0.28
168,0.175,0.7,0.28
1876,0.175,0.7,0.28
2716,0.16666666666666666,0.8,0.27586206896551724
3920,0.21052631578947367,0.4,0.27586206896551724
3990,0.17647058823529413,0.6,0.2727272727272727
2514,0.4,0.2,0.26666666666666666
1621,0.4,0.2,0.26666666666666666
3439,0.14705882352941177,1.0,0.2564102564102564
2226,0.15789473684210525,0.6,0.25
2057,0.16666666666666666,0.5,0.25
2875,0.3333333333333333,0.2,0.25
2882,0.3333333333333333,0.2,0.25
862,0.15217391304347827,0.7,0.25
3918,0.16129032258064516,0.5,0.24390243902439024
2920,0.16129032258064516,0.5,0.24390243902439024
675,0.140625,0.9,0.24324324324324326
3493,0.17391304347826086,0.4,0.24242424242424243
3378,0.14583333333333334,0.7,0.2413793103448276
3081,0.2,0.3,0.24
29,0.14035087719298245,0.8,0.23880597014925373
3521,0.14035087719298245,0.8,0.23880597014925373
2953,0.14285714285714285,0.7,0.23728813559322035
1734,0.2857142857142857,0.2,0.23529411764705882
2799,0.16666666666666666,0.4,0.23529411764705882
2749,0.14,0.7,0.23333333333333334
2597,0.1875,0.3,0.23076923076923078
3241,0.14285714285714285,0.6,0.23076923076923078
3164,0.13725490196078433,0.7,0.22950819672131148
2205,0.1282051282051282,1.0,0.22727272727272727
3343,0.13953488372093023,0.6,0.22641509433962265
3395,0.13953488372093023,0.6,0.22641509433962265
12,0.13953488372093023,0.6,0.22641509433962265
2800,0.12658227848101267,1.0,0.2247191011235955
3647,0.12903225806451613,0.8,0.2222222222222222
3964,0.12903225806451613,0.8,0.2222222222222222
3160,0.1320754716981132,0.7,0.2222222222222222
3520,0.13636363636363635,0.6,0.2222222222222222
140,0.14285714285714285,0.5,0.2222222222222222
1304,0.125,1.0,0.2222222222222222
2182,0.12195121951219512,1.0,0.21739130434782608
3106,0.1388888888888889,0.5,0.21739130434782608
2389,0.1388888888888889,0.5,0.21739130434782608
258,0.14814814814814814,0.4,0.21621621621621623
790,0.14814814814814814,0.4,0.21621621621621623
2006,0.14814814814814814,0.4,0.21621621621621623
3187,0.12727272727272726,0.7,0.2153846153846154
364,0.13043478260869565,0.6,0.21428571428571427
1436,0.13043478260869565,0.6,0.21428571428571427
1009,0.13513513513513514,0.5,0.2127659574468085
1093,0.13513513513513514,0.5,0.2127659574468085
1667,0.125,0.7,0.21212121212121213
2062,0.12,0.9,0.21176470588235294
327,0.12,0.9,0.21176470588235294
1638,0.2222222222222222,0.2,0.21052631578947367
3460,0.2222222222222222,0.2,0.21052631578947367
1200,0.11764705882352941,1.0,0.21052631578947367
431,0.12280701754385964,0.7,0.208955223880597
1672,0.13157894736842105,0.5,0.20833333333333334
1951,0.1206896551724138,0.7,0.20588235294117646
459,0.1206896551724138,0.7,0.20588235294117646
105,0.11538461538461539,0.9,0.20454545454545456
4095,0.1282051282051282,0.5,0.20408163265306123
3388,0.11594202898550725,0.8,0.20253164556962025
2246,0.11392405063291139,0.9,0.20224719101123595
645,0.11392405063291139,0.9,0.20224719101123595
2479,0.11392405063291139,0.9,0.20224719101123595
1114,0.13333333333333333,0.4,0.2
3956,0.1111111111111111,1.0,0.2
314,0.15,0.3,0.2
3975,0.13333333333333333,0.4,0.2
1106,0.1125,0.9,0.2
2378,0.1111111111111111,0.9,0.1978021978021978
2787,0.11475409836065574,0.7,0.19718309859154928
316,0.12195121951219512,0.5,0.19607843137254902
1315,0.10752688172043011,1.0,0.1941747572815534
1726,0.10752688172043011,1.0,0.1941747572815534
2029,0.10752688172043011,1.0,0.1941747572815534
1611,0.11538461538461539,0.6,0.1935483870967742
36,0.10843373493975904,0.9,0.1935483870967742
1248,0.10843373493975904,0.9,0.1935483870967742
1149,0.11538461538461539,0.6,0.1935483870967742
509,0.14285714285714285,0.3,0.1935483870967742
3708,0.11904761904761904,0.5,0.19230769230769232
3979,0.11904761904761904,0.5,0.19230769230769232
1962,0.1111111111111111,0.7,0.1917808219178082
1104,0.1111111111111111,0.7,0.1917808219178082
2129,0.10526315789473684,1.0,0.19047619047619047
2711,0.10526315789473684,1.0,0.19047619047619047
1259,0.11320754716981132,0.6,0.19047619047619047
3053,0.10526315789473684,1.0,0.19047619047619047
3697,0.10526315789473684,1.0,0.19047619047619047
3527,0.10526315789473684,1.0,0.19047619047619047
2287,0.10810810810810811,0.8,0.19047619047619047
2695,0.18181818181818182,0.2,0.19047619047619047
1271,0.10526315789473684,1.0,0.19047619047619047
1669,0.18181818181818182,0.2,0.19047619047619047
1105,0.109375,0.7,0.1891891891891892
3039,0.10416666666666667,1.0,0.18867924528301888
3487,0.10416666666666667,1.0,0.18867924528301888
2835,0.10666666666666667,0.8,0.18823529411764706
3329,0.10465116279069768,0.9,0.1875
2304,0.13636363636363635,0.3,0.1875
2573,0.10309278350515463,1.0,0.18691588785046728
970,0.10309278350515463,1.0,0.18691588785046728
1021,0.1076923076923077,0.7,0.18666666666666668
2831,0.10344827586206896,0.9,0.18556701030927836
2966,0.10344827586206896,0.9,0.18556701030927836
1991,0.10344827586206896,0.9,0.18556701030927836
3441,0.11363636363636363,0.5,0.18518518518518517
844,0.10204081632653061,1.0,0.18518518518518517
3802,0.10909090909090909,0.6,0.18461538461538463
334,0.1038961038961039,0.8,0.1839080459770115
2275,0.10112359550561797,0.9,0.18181818181818182
2013,1.0,0.1,0.18181818181818182
3635,0.1111111111111111,0.5,0.18181818181818182
3424,1.0,0.1,0.18181818181818182
2131,0.16666666666666666,0.2,0.18181818181818182
946,0.10112359550561797,0.9,0.18181818181818182
1053,0.10714285714285714,0.6,0.18181818181818182
484,1.0,0.1,0.18181818181818182
3836,0.11764705882352941,0.4,0.18181818181818182
1680,0.10112359550561797,0.9,0.18181818181818182
1987,1.0,0.1,0.18181818181818182
1032,1.0,0.1,0.18181818181818182
3560,0.1111111111111111,0.5,0.18181818181818182
1845,0.10112359550561797,0.9,0.18181818181818182
3619,0.1111111111111111,0.5,0.18181818181818182
1770,1.0,0.1,0.18181818181818182
3444,1.0,0.1,0.18181818181818182
2297,1.0,0.1,0.18181818181818182
732,0.11764705882352941,0.4,0.18181818181818182
3292,1.0,0.1,0.18181818181818182
2446,0.1,1.0,0.18181818181818182
2250,1.0,0.1,0.18181818181818182
3330,1.0,0.1,0.18181818181818182
1369,1.0,0.1,0.18181818181818182
3209,0.1,1.0,0.18181818181818182
814,0.09900990099009901,1.0,0.18018018018018017
3072,0.09900990099009901,1.0,0.18018018018018017
28,0.09900990099009901,1.0,0.18018018018018017
3316,0.1,0.9,0.18
149,0.1,0.9,0.18
3552,0.1,0.9,0.18
3550,0.10526315789473684,0.6,0.1791044776119403
3068,0.10869565217391304,0.5,0.17857142857142858
834,0.09803921568627451,1.0,0.17857142857142858
2513,0.09803921568627451,1.0,0.17857142857142858
2462,0.11428571428571428,0.4,0.17777777777777778
567,0.0970873786407767,1.0,0.17699115044247787
614,0.0970873786407767,1.0,0.17699115044247787
1001,0.10344827586206896,0.6,0.17647058823529413
700,0.09782608695652174,0.9,0.17647058823529413
3294,0.09876543209876543,0.8,0.17582417582417584
1238,0.09876543209876543,0.8,0.17582417582417584
3830,0.09615384615384616,1.0,0.17543859649122806
547,0.09615384615384616,1.0,0.17543859649122806
653,0.10638297872340426,0.5,0.17543859649122806
1622,0.09615384615384616,1.0,0.17543859649122806
3211,0.09615384615384616,1.0,0.17543859649122806
1756,0.1,0.7,0.175
1668,0.0967741935483871,0.9,0.17475728155339806
3154,0.0975609756097561,0.8,0.17391304347826086
713,0.0975609756097561,0.8,0.17391304347826086
2629,0.1111111111111111,0.4,0.17391304347826086
2217,0.1016949152542373,0.6,0.17391304347826086
3668,0.09523809523809523,1.0,0.17391304347826086
1374,0.15384615384615385,0.2,0.17391304347826086
306,0.0975609756097561,0.8,0.17391304347826086
3269,0.0975609756097561,0.8,0.17391304347826086
3598,0.09574468085106383,0.9,0.17307692307692307
993,0.09859154929577464,0.7,0.1728395061728395
3488,0.10416666666666667,0.5,0.1724137931034483
1343,0.09433962264150944,1.0,0.1724137931034483
108,0.09433962264150944,1.0,0.1724137931034483
3848,0.10416666666666667,0.5,0.1724137931034483
1832,0.09433962264150944,1.0,0.1724137931034483
2467,0.0963855421686747,0.8,0.17204301075268819
2145,0.09345794392523364,1.0,0.17094017094017094
219,0.09345794392523364,1.0,0.17094017094017094
1526,0.09345794392523364,1.0,0.17094017094017094
1183,0.09345794392523364,1.0,0.17094017094017094
1730,0.09345794392523364,1.0,0.17094017094017094
402,0.09345794392523364,1.0,0.17094017094017094
2232,0.09345794392523364,1.0,0.17094017094017094
2750,0.09345794392523364,1.0,0.17094017094017094
1946,0.09722222222222222,0.7,0.17073170731707318
438,0.09722222222222222,0.7,0.17073170731707318
3947,0.09722222222222222,0.7,0.17073170731707318
383,0.09523809523809523,0.8,0.1702127659574468
3622,0.09375,0.9,0.16981132075471697
3253,0.09259259259259259,1.0,0.1694915254237288
531,0.09259259259259259,1.0,0.1694915254237288
831,0.09259259259259259,1.0,0.1694915254237288
1282,0.09259259259259259,1.0,0.1694915254237288
465,0.09259259259259259,1.0,0.1694915254237288
2830,0.09259259259259259,1.0,0.1694915254237288
1002,0.09259259259259259,1.0,0.1694915254237288
3384,0.09174311926605505,1.0,0.16806722689075632
3781,0.09174311926605505,1.0,0.16806722689075632
3757,0.09174311926605505,1.0,0.16806722689075632
2824,0.09174311926605505,1.0,0.16806722689075632
2785,0.09174311926605505,1.0,0.16806722689075632
38,0.09174311926605505,1.0,0.16806722689075632
59,0.09174311926605505,1.0,0.16806722689075632
638,0.09174311926605505,1.0,0.16806722689075632
2431,0.09174311926605505,1.0,0.16806722689075632
3071,0.09090909090909091,1.0,0.16666666666666666
262,0.09090909090909091,1.0,0.16666666666666666
146,0.09090909090909091,1.0,0.16666666666666666
1969,0.09090909090909091,1.0,0.16666666666666666
2730,0.14285714285714285,0.2,0.16666666666666666
444,0.5,0.1,0.16666666666666666
1360,0.0967741935483871,0.6,0.16666666666666666
1391,0.11538461538461539,0.3,0.16666666666666666
3415,0.5,0.1,0.16666666666666666
3961,0.09090909090909091,1.0,0.16666666666666666
3134,0.14285714285714285,0.2,0.16666666666666666
183,0.5,0.1,0.16666666666666666
1431,0.09090909090909091,1.0,0.16666666666666666
3986,0.5,0.1,0.16666666666666666
1410,0.5,0.1,0.16666666666666666
1024,0.09090909090909091,1.0,0.16666666666666666
4076,0.0967741935483871,0.6,0.16666666666666666
2137,0.09183673469387756,0.9,0.16666666666666666
1984,0.0967741935483871,0.6,0.16666666666666666
803,0.09090909090909091,1.0,0.16666666666666666
1554,0.14285714285714285,0.2,0.16666666666666666
2229,0.1,0.5,0.16666666666666666
2439,0.09090909090909091,1.0,0.16666666666666666
1661,0.09009009009009009,1.0,0.1652892561983471
3000,0.09009009009009009,1.0,0.1652892561983471
4093,0.09009009009009009,1.0,0.1652892561983471
848,0.09009009009009009,1.0,0.1652892561983471
1286,0.09009009009009009,1.0,0.1652892561983471
921,0.09009009009009009,1.0,0.1652892561983471
303,0.09009009009009009,1.0,0.1652892561983471
1102,0.09009009009009009,1.0,0.1652892561983471
2577,0.09009009009009009,1.0,0.1652892561983471
1690,0.09009009009009009,1.0,0.1652892561983471
2124,0.09009009009009009,1.0,0.1652892561983471
3726,0.09090909090909091,0.9,0.1651376146788991
3832,0.09195402298850575,0.8,0.16494845360824742
86,0.09195402298850575,0.8,0.16494845360824742
1790,0.09195402298850575,0.8,0.16494845360824742
3595,0.09333333333333334,0.7,0.16470588235294117
3076,0.08928571428571429,1.0,0.16393442622950818
1620,0.08928571428571429,1.0,0.16393442622950818
2962,0.08928571428571429,1.0,0.16393442622950818
3096,0.08928571428571429,1.0,0.16393442622950818
2047,0.08928571428571429,1.0,0.16393442622950818
3050,0.08928571428571429,1.0,0.16393442622950818
3750,0.08928571428571429,1.0,0.16393442622950818
3315,0.08928571428571429,1.0,0.16393442622950818
2269,0.09803921568627451,0.5,0.16393442622950818
3568,0.08928571428571429,1.0,0.16393442622950818
1234,0.09803921568627451,0.5,0.16393442622950818
1150,0.08928571428571429,1.0,0.16393442622950818
1075,0.08928571428571429,1.0,0.16393442622950818
3171,0.08928571428571429,1.0,0.16393442622950818
1719,0.08928571428571429,1.0,0.16393442622950818
708,0.08928571428571429,1.0,0.16393442622950818
684,0.08928571428571429,1.0,0.16393442622950818
2852,0.08928571428571429,1.0,0.16393442622950818
2116,0.08928571428571429,1.0,0.16393442622950818
2037,0.09,0.9,0.16363636363636364
1118,0.10256410256410256,0.4,0.16326530612244897
3438,0.09210526315789473,0.7,0.16279069767441862
186,0.08849557522123894,1.0,0.16260162601626016
1127,0.08849557522123894,1.0,0.16260162601626016
241,0.08849557522123894,1.0,0.16260162601626016
3248,0.08849557522123894,1.0,0.16260162601626016
2050,0.08849557522123894,1.0,0.16260162601626016
3941,0.08849557522123894,1.0,0.16260162601626016
704,0.08849557522123894,1.0,0.16260162601626016
3288,0.08849557522123894,1.0,0.16260162601626016
1533,0.08849557522123894,1.0,0.16260162601626016
1059,0.08849557522123894,1.0,0.16260162601626016
3791,0.08849557522123894,1.0,0.16260162601626016
2358,0.08849557522123894,1.0,0.16260162601626016
1088,0.08849557522123894,1.0,0.16260162601626016
2488,0.08849557522123894,1.0,0.16260162601626016
360,0.08849557522123894,1.0,0.16260162601626016
3100,0.08849557522123894,1.0,0.16260162601626016
1728,0.08849557522123894,1.0,0.16260162601626016
3820,0.08849557522123894,1.0,0.16260162601626016
2405,0.08849557522123894,1.0,0.16260162601626016
1341,0.08849557522123894,1.0,0.16260162601626016
3165,0.08849557522123894,1.0,0.16260162601626016
904,0.08849557522123894,1.0,0.16260162601626016
1964,0.08849557522123894,1.0,0.16260162601626016
2893,0.08849557522123894,1.0,0.16260162601626016
2471,0.08849557522123894,1.0,0.16260162601626016
1874,0.08849557522123894,1.0,0.16260162601626016
3091,0.08849557522123894,1.0,0.16260162601626016
1744,0.0891089108910891,0.9,0.16216216216216217
2670,0.0891089108910891,0.9,0.16216216216216217
2558,0.1111111111111111,0.3,0.16216216216216217
2599,0.1111111111111111,0.3,0.16216216216216217
2923,0.1111111111111111,0.3,0.16216216216216217
2109,0.0891089108910891,0.9,0.16216216216216217
4078,0.0898876404494382,0.8,0.16161616161616163
357,0.08771929824561403,1.0,0.16129032258064516
777,0.08771929824561403,1.0,0.16129032258064516
518,0.08771929824561403,1.0,0.16129032258064516
2060,0.08771929824561403,1.0,0.16129032258064516
3713,0.08771929824561403,1.0,0.16129032258064516
2001,0.08771929824561403,1.0,0.16129032258064516
2587,0.08771929824561403,1.0,0.16129032258064516
742,0.08771929824561403,1.0,0.16129032258064516
2036,0.08771929824561403,1.0,0.16129032258064516
3749,0.08771929824561403,1.0,0.16129032258064516
2489,0.08771929824561403,1.0,0.16129032258064516
583,0.08771929824561403,1.0,0.16129032258064516
2565,0.08771929824561403,1.0,0.16129032258064516
3728,0.08771929824561403,1.0,0.16129032258064516
1406,0.08771929824561403,1.0,0.16129032258064516
1426,0.08771929824561403,1.0,0.16129032258064516
1589,0.08771929824561403,1.0,0.16129032258064516
2545,0.08771929824561403,1.0,0.16129032258064516
1394,0.08771929824561403,1.0,0.16129032258064516
3919,0.08771929824561403,1.0,0.16129032258064516
1794,0.08771929824561403,1.0,0.16129032258064516
1793,0.08771929824561403,1.0,0.16129032258064516
1377,0.08771929824561403,1.0,0.16129032258064516
221,0.08771929824561403,1.0,0.16129032258064516
1617,0.08771929824561403,1.0,0.16129032258064516
1057,0.08771929824561403,1.0,0.16129032258064516
1372,0.08771929824561403,1.0,0.16129032258064516
74,0.08771929824561403,1.0,0.16129032258064516
3297,0.08771929824561403,1.0,0.16129032258064516
88,0.08771929824561403,1.0,0.16129032258064516
2241,0.08771929824561403,1.0,0.16129032258064516
1321,0.08771929824561403,1.0,0.16129032258064516
3944,0.08771929824561403,1.0,0.16129032258064516
3264,0.08771929824561403,1.0,0.16129032258064516
3959,0.08771929824561403,1.0,0.16129032258064516
92,0.08771929824561403,1.0,0.16129032258064516
799,0.08771929824561403,1.0,0.16129032258064516
161,0.08771929824561403,1.0,0.16129032258064516
3219,0.08771929824561403,1.0,0.16129032258064516
1261,0.08771929824561403,1.0,0.16129032258064516
3163,0.08771929824561403,1.0,0.16129032258064516
1008,0.08771929824561403,1.0,0.16129032258064516
2849,0.08771929824561403,1.0,0.16129032258064516
1455,0.08771929824561403,1.0,0.16129032258064516
2722,0.08771929824561403,1.0,0.16129032258064516
1493,0.08771929824561403,1.0,0.16129032258064516
3466,0.08771929824561403,1.0,0.16129032258064516
2685,0.08771929824561403,1.0,0.16129032258064516
1507,0.08771929824561403,1.0,0.16129032258064516
1558,0.08771929824561403,1.0,0.16129032258064516
25,0.08771929824561403,1.0,0.16129032258064516
3879,0.08771929824561403,1.0,0.16129032258064516
1561,0.08771929824561403,1.0,0.16129032258064516
824,0.08771929824561403,1.0,0.16129032258064516
4072,0.08771929824561403,1.0,0.16129032258064516
2480,0.08771929824561403,1.0,0.16129032258064516
4089,0.08771929824561403,1.0,0.16129032258064516
2204,0.08771929824561403,1.0,0.16129032258064516
1520,0.08771929824561403,1.0,0.16129032258064516
1573,0.08771929824561403,1.0,0.16129032258064516
2725,0.08771929824561403,1.0,0.16129032258064516
2503,0.08823529411764706,0.9,0.16071428571428573
600,0.08695652173913043,1.0,0.16
498,0.08695652173913043,1.0,0.16
595,0.08695652173913043,1.0,0.16
1646,0.08695652173913043,1.0,0.16
1311,0.08695652173913043,1.0,0.16
1284,0.08695652173913043,1.0,0.16
2601,0.08695652173913043,1.0,0.16
1295,0.08695652173913043,1.0,0.16
1512,0.08695652173913043,1.0,0.16
2865,0.08695652173913043,1.0,0.16
598,0.08695652173913043,1.0,0.16
2023,0.08695652173913043,1.0,0.16
1652,0.08695652173913043,1.0,0.16
1444,0.08695652173913043,1.0,0.16
1484,0.08695652173913043,1.0,0.16
2554,0.08695652173913043,1.0,0.16
1490,0.08695652173913043,1.0,0.16
1583,0.08695652173913043,1.0,0.16
1425,0.08695652173913043,1.0,0.16
1423,0.08695652173913043,1.0,0.16
557,0.13333333333333333,0.2,0.16
2914,0.08695652173913043,1.0,0.16
2607,0.08695652173913043,1.0,0.16
1598,0.08695652173913043,1.0,0.16
1382,0.08695652173913043,1.0,0.16
1458,0.08695652173913043,1.0,0.16
1563,0.08695652173913043,1.0,0.16
2032,0.08695652173913043,1.0,0.16
2999,0.08695652173913043,1.0,0.16
1619,0.08695652173913043,1.0,0.16
1438,0.08695652173913043,1.0,0.16
1547,0.08695652173913043,1.0,0.16
3507,0.13333333333333333,0.2,0.16
3602,0.08695652173913043,1.0,0.16
624,0.08695652173913043,1.0,0.16
3404,0.08695652173913043,1.0,0.16
1827,0.08695652173913043,1.0,0.16
978,0.08695652173913043,1.0,0.16
1967,0.08695652173913043,1.0,0.16
1966,0.08695652173913043,1.0,0.16
962,0.08695652173913043,1.0,0.16
2728,0.08695652173913043,1.0,0.16
719,0.08695652173913043,1.0,0.16
948,0.08695652173913043,1.0,0.16
3393,0.08695652173913043,1.0,0.16
3547,0.08695652173913043,1.0,0.16
729,0.08695652173913043,1.0,0.16
922,0.08695652173913043,1.0,0.16
626,0.08695652173913043,1.0,0.16
896,0.08695652173913043,1.0,0.16
2639,0.08695652173913043,1.0,0.16
1895,0.08695652173913043,1.0,0.16
1949,0.08695652173913043,1.0,0.16
1948,0.08695652173913043,1.0,0.16
833,0.08695652173913043,1.0,0.16
832,0.08695652173913043,1.0,0.16
3473,0.08695652173913043,1.0,0.16
760,0.08695652173913043,1.0,0.16
3494,0.08695652173913043,1.0,0.16
2648,0.08695652173913043,1.0,0.16
989,0.08695652173913043,1.0,0.16
3342,0.08695652173913043,1.0,0.16
1014,0.08695652173913043,1.0,0.16
1807,0.08695652173913043,1.0,0.16
2609,0.08695652173913043,1.0,0.16
3167,0.08695652173913043,1.0,0.16
1203,0.08695652173913043,1.0,0.16
1201,0.08695652173913043,1.0,0.16
1718,0.1,0.4,0.16
642,0.08695652173913043,1.0,0.16
1994,0.08695652173913043,1.0,0.16
1157,0.08695652173913043,1.0,0.16
3247,0.08695652173913043,1.0,0.16
3254,0.08695652173913043,1.0,0.16
2797,0.08695652173913043,1.0,0.16
1084,0.08695652173913043,1.0,0.16
1776,0.08695652173913043,1.0,0.16
1069,0.08695652173913043,1.0,0.16
2775,0.08695652173913043,1.0,0.16
3578,0.08695652173913043,1.0,0.16
3305,0.08695652173913043,1.0,0.16
1051,0.08695652173913043,1.0,0.16
1039,0.08695652173913043,1.0,0.16
3566,0.08695652173913043,1.0,0.16
1796,0.08695652173913043,1.0,0.16
3563,0.08695652173913043,1.0,0.16
2762,0.08695652173913043,1.0,0.16
2763,0.08695652173913043,1.0,0.16
1938,0.08695652173913043,1.0,0.16
253,0.08695652173913043,1.0,0.16
135,0.08695652173913043,1.0,0.16
2265,0.08695652173913043,1.0,0.16
165,0.08695652173913043,1.0,0.16
3973,0.08695652173913043,1.0,0.16
147,0.08695652173913043,1.0,0.16
141,0.08695652173913043,1.0,0.16
137,0.08695652173913043,1.0,0.16
434,0.08695652173913043,1.0,0.16
2377,0.08695652173913043,1.0,0.16
130,0.08695652173913043,1.0,0.16
192,0.08695652173913043,1.0,0.16
2534,0.08695652173913043,1.0,0.16
110,0.08695652173913043,1.0,0.16
2400,0.08695652173913043,1.0,0.16
2102,0.08695652173913043,1.0,0.16
2392,0.08695652173913043,1.0,0.16
4042,0.08695652173913043,1.0,0.16
2538,0.08695652173913043,1.0,0.16
4056,0.08695652173913043,1.0,0.16
2429,0.08695652173913043,1.0,0.16
3777,0.08695652173913043,1.0,0.16
388,0.08695652173913043,1.0,0.16
3935,0.08695652173913043,1.0,0.16
3826,0.08695652173913043,1.0,0.16
2484,0.08695652173913043,1.0,0.16
2493,0.08695652173913043,1.0,0.16
3808,0.08695652173913043,1.0,0.16
3871,0.08695652173913043,1.0,0.16
2141,0.08695652173913043,1.0,0.16
3798,0.08695652173913043,1.0,0.16
3880,0.08695652173913043,1.0,0.16
4052,0.08695652173913043,1.0,0.16
2213,0.08695652173913043,1.0,0.16
4083,0.08695652173913043,1.0,0.16
2364,0.08695652173913043,1.0,0.16
2218,0.08695652173913043,1.0,0.16
2220,0.08695652173913043,1.0,0.16
230,0.1,0.4,0.16
3922,0.08695652173913043,1.0,0.16
3929,0.08695652173913043,1.0,0.16
298,0.08737864077669903,0.9,0.1592920353982301
1599,0.08737864077669903,0.9,0.1592920353982301
768,0.08737864077669903,0.9,0.1592920353982301
1263,0.08974358974358974,0.7,0.1590909090909091
3572,0.08974358974358974,0.7,0.1590909090909091
1602,0.08620689655172414,1.0,0.15873015873015872
945,0.08620689655172414,1.0,0.15873015873015872
3356,0.08620689655172414,1.0,0.15873015873015872
2740,0.08620689655172414,1.0,0.15873015873015872
967,0.08620689655172414,1.0,0.15873015873015872
964,0.08620689655172414,1.0,0.15873015873015872
961,0.08620689655172414,1.0,0.15873015873015872
2208,0.08620689655172414,1.0,0.15873015873015872
1847,0.08620689655172414,1.0,0.15873015873015872
1540,0.08620689655172414,1.0,0.15873015873015872
274,0.08620689655172414,1.0,0.15873015873015872
2723,0.08620689655172414,1.0,0.15873015873015872
2202,0.08620689655172414,1.0,0.15873015873015872
3882,0.08620689655172414,1.0,0.15873015873015872
279,0.08620689655172414,1.0,0.15873015873015872
1865,0.08620689655172414,1.0,0.15873015873015872
1853,0.08620689655172414,1.0,0.15873015873015872
938,0.08620689655172414,1.0,0.15873015873015872
2977,0.08620689655172414,1.0,0.15873015873015872
3396,0.08620689655172414,1.0,0.15873015873015872
932,0.08620689655172414,1.0,0.15873015873015872
3877,0.08620689655172414,1.0,0.15873015873015872
2973,0.08620689655172414,1.0,0.15873015873015872
1505,0.08620689655172414,1.0,0.15873015873015872
3873,0.08620689655172414,1.0,0.15873015873015872
918,0.08620689655172414,1.0,0.15873015873015872
3407,0.08620689655172414,1.0,0.15873015873015872
915,0.08620689655172414,1.0,0.15873015873015872
1821,0.08620689655172414,1.0,0.15873015873015872
1541,0.08620689655172414,1.0,0.15873015873015872
1820,0.08620689655172414,1.0,0.15873015873015872
2745,0.08620689655172414,1.0,0.15873015873015872
212,0.08620689655172414,1.0,0.15873015873015872
3006,0.08620689655172414,1.0,0.15873015873015872
2239,0.08620689655172414,1.0,0.15873015873015872
1063,0.08620689655172414,1.0,0.15873015873015872
1061,0.08620689655172414,1.0,0.15873015873015872
3930,0.08620689655172414,1.0,0.15873015873015872
21,0.08620689655172414,1.0,0.15873015873015872
2235,0.08620689655172414,1.0,0.15873015873015872
1049,0.08620689655172414,1.0,0.15873015873015872
1046,0.08620689655172414,1.0,0.15873015873015872
3923,0.08620689655172414,1.0,0.15873015873015872
3317,0.08620689655172414,1.0,0.15873015873015872
1471,0.08620689655172414,1.0,0.15873015873015872
3921,0.08620689655172414,1.0,0.15873015873015872
2996,0.08620689655172414,1.0,0.15873015873015872
3915,0.08620689655172414,1.0,0.15873015873015872
2228,0.08620689655172414,1.0,0.15873015873015872
1799,0.08620689655172414,1.0,0.15873015873015872
2761,0.08620689655172414,1.0,0.15873015873015872
1801,0.08620689655172414,1.0,0.15873015873015872
2222,0.08620689655172414,1.0,0.15873015873015872
3334,0.08620689655172414,1.0,0.15873015873015872
3905,0.08620689655172414,1.0,0.15873015873015872
1809,0.08620689655172414,1.0,0.15873015873015872
2366,0.08620689655172414,1.0,0.15873015873015872
17,0.08620689655172414,1.0,0.15873015873015872
3347,0.08620689655172414,1.0,0.15873015873015872
2709,0.08620689655172414,1.0,0.15873015873015872
1867,0.08620689655172414,1.0,0.15873015873015872
3293,0.08620689655172414,1.0,0.15873015873015872
836,0.08620689655172414,1.0,0.15873015873015872
3849,0.09433962264150944,0.5,0.15873015873015872
321,0.08620689655172414,1.0,0.15873015873015872
830,0.08620689655172414,1.0,0.15873015873015872
2177,0.08620689655172414,1.0,0.15873015873015872
828,0.08620689655172414,1.0,0.15873015873015872
2676,0.08620689655172414,1.0,0.15873015873015872
2672,0.08620689655172414,1.0,0.15873015873015872
1514,0.08620689655172414,1.0,0.15873015873015872
2175,0.08620689655172414,1.0,0.15873015873015872
3486,0.08620689655172414,1.0,0.15873015873015872
2349,0.08620689655172414,1.0,0.15873015873015872
2485,0.08620689655172414,1.0,0.15873015873015872
3495,0.08620689655172414,1.0,0.15873015873015872
798,0.08620689655172414,1.0,0.15873015873015872
3500,0.08620689655172414,1.0,0.15873015873015872
1925,0.08620689655172414,1.0,0.15873015873015872
2350,0.08620689655172414,1.0,0.15873015873015872
787,0.08620689655172414,1.0,0.15873015873015872
2656,0.08620689655172414,1.0,0.15873015873015872
3506,0.08620689655172414,1.0,0.15873015873015872
2168,0.08620689655172414,1.0,0.15873015873015872
1931,0.08620689655172414,1.0,0.15873015873015872
778,0.08620689655172414,1.0,0.15873015873015872
3834,0.08620689655172414,1.0,0.15873015873015872
776,0.08620689655172414,1.0,0.15873015873015872
3511,0.08620689655172414,1.0,0.15873015873015872
770,0.08620689655172414,1.0,0.15873015873015872
3853,0.08620689655172414,1.0,0.15873015873015872
2477,0.08620689655172414,1.0,0.15873015873015872
2970,0.08620689655172414,1.0,0.15873015873015872
847,0.08620689655172414,1.0,0.15873015873015872
1510,0.08620689655172414,1.0,0.15873015873015872
2194,0.08620689655172414,1.0,0.15873015873015872
3423,0.08620689655172414,1.0,0.15873015873015872
3426,0.08620689655172414,1.0,0.15873015873015872
1877,0.08620689655172414,1.0,0.15873015873015872
3430,0.08620689655172414,1.0,0.15873015873015872
2699,0.08620689655172414,1.0,0.15873015873015872
887,0.08620689655172414,1.0,0.15873015873015872
886,0.08620689655172414,1.0,0.15873015873015872
2697,0.08620689655172414,1.0,0.15873015873015872
2696,0.08620689655172414,1.0,0.15873015873015872
3865,0.08620689655172414,1.0,0.15873015873015872
2472,0.08620689655172414,1.0,0.15873015873015872
2968,0.08620689655172414,1.0,0.15873015873015872
2473,0.08620689655172414,1.0,0.15873015873015872
872,0.08620689655172414,1.0,0.15873015873015872
3861,0.08620689655172414,1.0,0.15873015873015872
2689,0.08620689655172414,1.0,0.15873015873015872
867,0.08620689655172414,1.0,0.15873015873015872
3451,0.08620689655172414,1.0,0.15873015873015872
3453,0.08620689655172414,1.0,0.15873015873015872
3456,0.08620689655172414,1.0,0.15873015873015872
857,0.08620689655172414,1.0,0.15873015873015872
308,0.08620689655172414,1.0,0.15873015873015872
850,0.08620689655172414,1.0,0.15873015873015872
3462,0.08620689655172414,1.0,0.15873015873015872
2184,0.08620689655172414,1.0,0.15873015873015872
2778,0.08620689655172414,1.0,0.15873015873015872
27,0.08620689655172414,1.0,0.15873015873015872
2383,0.08620689655172414,1.0,0.15873015873015872
4022,0.08620689655172414,1.0,0.15873015873015872
1310,0.08620689655172414,1.0,0.15873015873015872
1309,0.08620689655172414,1.0,0.15873015873015872
98,0.08620689655172414,1.0,0.15873015873015872
3124,0.08620689655172414,1.0,0.15873015873015872
1653,0.08620689655172414,1.0,0.15873015873015872
1301,0.08620689655172414,1.0,0.15873015873015872
100,0.08620689655172414,1.0,0.15873015873015872
1294,0.08620689655172414,1.0,0.15873015873015872
2861,0.08620689655172414,1.0,0.15873015873015872
2299,0.08620689655172414,1.0,0.15873015873015872
107,0.08620689655172414,1.0,0.15873015873015872
2325,0.08620689655172414,1.0,0.15873015873015872
2381,0.08620689655172414,1.0,0.15873015873015872
2296,0.08620689655172414,1.0,0.15873015873015872
1279,0.08620689655172414,1.0,0.15873015873015872
1671,0.08620689655172414,1.0,0.15873015873015872
2856,0.08620689655172414,1.0,0.15873015873015872
3151,0.08620689655172414,1.0,0.15873015873015872
3036,0.08620689655172414,1.0,0.15873015873015872
2293,0.08620689655172414,1.0,0.15873015873015872
4008,0.08620689655172414,1.0,0.15873015873015872
4007,0.08620689655172414,1.0,0.15873015873015872
3157,0.08620689655172414,1.0,0.15873015873015872
1251,0.08620689655172414,1.0,0.15873015873015872
129,0.08620689655172414,1.0,0.15873015873015872
1587,0.08620689655172414,1.0,0.15873015873015872
1689,0.08620689655172414,1.0,0.15873015873015872
97,0.08620689655172414,1.0,0.15873015873015872
1317,0.08620689655172414,1.0,0.15873015873015872
210,0.08620689655172414,1.0,0.15873015873015872
1645,0.08620689655172414,1.0,0.15873015873015872
1606,0.08620689655172414,1.0,0.15873015873015872
1607,0.08620689655172414,1.0,0.15873015873015872
4050,0.08620689655172414,1.0,0.15873015873015872
1613,0.08620689655172414,1.0,0.15873015873015872
3070,0.08620689655172414,1.0,0.15873015873015872
4047,0.08620689655172414,1.0,0.15873015873015872
63,0.08620689655172414,1.0,0.15873015873015872
1596,0.08620689655172414,1.0,0.15873015873015872
2897,0.08620689655172414,1.0,0.15873015873015872
3046,0.08620689655172414,1.0,0.15873015873015872
71,0.08620689655172414,1.0,0.15873015873015872
72,0.08620689655172414,1.0,0.15873015873015872
1367,0.08620689655172414,1.0,0.15873015873015872
2391,0.08620689655172414,1.0,0.15873015873015872
2310,0.08620689655172414,1.0,0.15873015873015872
4034,0.08620689655172414,1.0,0.15873015873015872
1625,0.08620689655172414,1.0,0.15873015873015872
1353,0.08620689655172414,1.0,0.15873015873015872
2909,0.08620689655172414,1.0,0.15873015873015872
3094,0.08620689655172414,1.0,0.15873015873015872
2393,0.08620689655172414,1.0,0.15873015873015872
1344,0.08620689655172414,1.0,0.15873015873015872
1340,0.08620689655172414,1.0,0.15873015873015872
3103,0.08620689655172414,1.0,0.15873015873015872
3111,0.08620689655172414,1.0,0.15873015873015872
2877,0.08620689655172414,1.0,0.15873015873015872
3043,0.08620689655172414,1.0,0.15873015873015872
2285,0.08620689655172414,1.0,0.15873015873015872
3180,0.08620689655172414,1.0,0.15873015873015872
2838,0.08620689655172414,1.0,0.15873015873015872
1223,0.08620689655172414,1.0,0.15873015873015872
1160,0.08620689655172414,1.0,0.15873015873015872
1571,0.08620689655172414,1.0,0.15873015873015872
1152,0.08620689655172414,1.0,0.15873015873015872
2808,0.08620689655172414,1.0,0.15873015873015872
1569,0.08620689655172414,1.0,0.15873015873015872
2807,0.08620689655172414,1.0,0.15873015873015872
769,0.08620689655172414,1.0,0.15873015873015872
1568,0.08620689655172414,1.0,0.15873015873015872
1137,0.08620689655172414,1.0,0.15873015873015872
2804,0.08620689655172414,1.0,0.15873015873015872
1135,0.08620689655172414,1.0,0.15873015873015872
2423,0.08620689655172414,1.0,0.15873015873015872
2262,0.08620689655172414,1.0,0.15873015873015872
3255,0.08620689655172414,1.0,0.15873015873015872
1750,0.08620689655172414,1.0,0.15873015873015872
2798,0.08620689655172414,1.0,0.15873015873015872
181,0.08620689655172414,1.0,0.15873015873015872
3009,0.08620689655172414,1.0,0.15873015873015872
3268,0.08620689655172414,1.0,0.15873015873015872
1460,0.08620689655172414,1.0,0.15873015873015872
2252,0.08620689655172414,1.0,0.15873015873015872
1101,0.08620689655172414,1.0,0.15873015873015872
2789,0.08620689655172414,1.0,0.15873015873015872
1085,0.08620689655172414,1.0,0.15873015873015872
2780,0.08620689655172414,1.0,0.15873015873015872
1079,0.08620689655172414,1.0,0.15873015873015872
3291,0.08620689655172414,1.0,0.15873015873015872
1162,0.08620689655172414,1.0,0.15873015873015872
1733,0.08620689655172414,1.0,0.15873015873015872
3977,0.08620689655172414,1.0,0.15873015873015872
1575,0.08620689655172414,1.0,0.15873015873015872
4062,0.08620689655172414,1.0,0.15873015873015872
1221,0.08620689655172414,1.0,0.15873015873015872
1702,0.08620689655172414,1.0,0.15873015873015872
1704,0.08620689655172414,1.0,0.15873015873015872
1215,0.08620689655172414,1.0,0.15873015873015872
1214,0.08620689655172414,1.0,0.15873015873015872
3026,0.08620689655172414,1.0,0.15873015873015872
2374,0.08620689655172414,1.0,0.15873015873015872
1709,0.08620689655172414,1.0,0.15873015873015872
1714,0.08620689655172414,1.0,0.15873015873015872
3202,0.08620689655172414,1.0,0.15873015873015872
139,0.08620689655172414,1.0,0.15873015873015872
1199,0.08620689655172414,1.0,0.15873015873015872
3226,0.08620689655172414,1.0,0.15873015873015872
1715,0.08620689655172414,1.0,0.15873015873015872
3991,0.08620689655172414,1.0,0.15873015873015872
1194,0.08620689655172414,1.0,0.15873015873015872
1193,0.08620689655172414,1.0,0.15873015873015872
2279,0.08620689655172414,1.0,0.15873015873015872
2925,0.08620689655172414,1.0,0.15873015873015872
2277,0.08620689655172414,1.0,0.15873015873015872
1186,0.08620689655172414,1.0,0.15873015873015872
1182,0.08620689655172414,1.0,0.15873015873015872
1723,0.08620689655172414,1.0,0.15873015873015872
3218,0.08620689655172414,1.0,0.15873015873015872
1174,0.08620689655172414,1.0,0.15873015873015872
3243,0.08620689655172414,1.0,0.15873015873015872
3730,0.08620689655172414,1.0,0.15873015873015872
3581,0.08620689655172414,1.0,0.15873015873015872
629,0.08620689655172414,1.0,0.15873015873015872
3789,0.08620689655172414,1.0,0.15873015873015872
3545,0.08620689655172414,1.0,0.15873015873015872
727,0.08620689655172414,1.0,0.15873015873015872
533,0.08620689655172414,1.0,0.15873015873015872
3589,0.08620689655172414,1.0,0.15873015873015872
3594,0.08620689655172414,1.0,0.15873015873015872
2081,0.08620689655172414,1.0,0.15873015873015872
3677,0.08620689655172414,1.0,0.15873015873015872
3783,0.08620689655172414,1.0,0.15873015873015872
2615,0.08620689655172414,1.0,0.15873015873015872
405,0.08620689655172414,1.0,0.15873015873015872
3675,0.08620689655172414,1.0,0.15873015873015872
2049,0.08620689655172414,1.0,0.15873015873015872
1993,0.08620689655172414,1.0,0.15873015873015872
3540,0.08620689655172414,1.0,0.15873015873015872
1956,0.08620689655172414,1.0,0.15873015873015872
3779,0.08620689655172414,1.0,0.15873015873015872
1995,0.08620689655172414,1.0,0.15873015873015872
1996,0.08620689655172414,1.0,0.15873015873015872
3605,0.08620689655172414,1.0,0.15873015873015872
454,0.08620689655172414,1.0,0.15873015873015872
703,0.08620689655172414,1.0,0.15873015873015872
3745,0.08620689655172414,1.0,0.15873015873015872
1999,0.08620689655172414,1.0,0.15873015873015872
2126,0.08620689655172414,1.0,0.15873015873015872
3610,0.08620689655172414,1.0,0.15873015873015872
3611,0.08620689655172414,1.0,0.15873015873015872
2056,0.08620689655172414,1.0,0.15873015873015872
3742,0.08620689655172414,1.0,0.15873015873015872
674,0.08620689655172414,1.0,0.15873015873015872
2633,0.08620689655172414,1.0,0.15873015873015872
697,0.08620689655172414,1.0,0.15873015873015872
696,0.08620689655172414,1.0,0.15873015873015872
695,0.08620689655172414,1.0,0.15873015873015872
2504,0.08620689655172414,1.0,0.15873015873015872
3797,0.08620689655172414,1.0,0.15873015873015872
3796,0.08620689655172414,1.0,0.15873015873015872
2140,0.08620689655172414,1.0,0.15873015873015872
3555,0.08620689655172414,1.0,0.15873015873015872
690,0.08620689655172414,1.0,0.15873015873015872
1972,0.08620689655172414,1.0,0.15873015873015872
3811,0.08620689655172414,1.0,0.15873015873015872
3736,0.08620689655172414,1.0,0.15873015873015872
2139,0.08620689655172414,1.0,0.15873015873015872
3741,0.08620689655172414,1.0,0.15873015873015872
3699,0.08620689655172414,1.0,0.15873015873015872
1974,0.08620689655172414,1.0,0.15873015873015872
391,0.08620689655172414,1.0,0.15873015873015872
366,0.08620689655172414,1.0,0.15873015873015872
516,0.08620689655172414,1.0,0.15873015873015872
2542,0.08620689655172414,1.0,0.15873015873015872
2566,0.08620689655172414,1.0,0.15873015873015872
500,0.08620689655172414,1.0,0.15873015873015872
462,0.08620689655172414,1.0,0.15873015873015872
724,0.08620689655172414,1.0,0.15873015873015872
3577,0.08620689655172414,1.0,0.15873015873015872
395,0.08620689655172414,1.0,0.15873015873015872
414,0.08620689655172414,1.0,0.15873015873015872
3738,0.08620689655172414,1.0,0.15873015873015872
3824,0.08620689655172414,1.0,0.15873015873015872
349,0.08620689655172414,1.0,0.15873015873015872
3657,0.08620689655172414,1.0,0.15873015873015872
607,0.08620689655172414,1.0,0.15873015873015872
606,0.08620689655172414,1.0,0.15873015873015872
3655,0.08620689655172414,1.0,0.15873015873015872
2600,0.08620689655172414,1.0,0.15873015873015872
429,0.08620689655172414,1.0,0.15873015873015872
2093,0.08620689655172414,1.0,0.15873015873015872
596,0.08620689655172414,1.0,0.15873015873015872
2589,0.08620689655172414,1.0,0.15873015873015872
3724,0.08620689655172414,1.0,0.15873015873015872
1940,0.08620689655172414,1.0,0.15873015873015872
2530,0.08620689655172414,1.0,0.15873015873015872
572,0.08620689655172414,1.0,0.15873015873015872
758,0.08620689655172414,1.0,0.15873015873015872
2162,0.08620689655172414,1.0,0.15873015873015872
2090,0.08620689655172414,1.0,0.15873015873015872
589,0.08620689655172414,1.0,0.15873015873015872
576,0.08620689655172414,1.0,0.15873015873015872
475,0.08620689655172414,1.0,0.15873015873015872
2647,0.08620689655172414,1.0,0.15873015873015872
585,0.08620689655172414,1.0,0.15873015873015872
2532,0.08620689655172414,1.0,0.15873015873015872
582,0.08620689655172414,1.0,0.15873015873015872
3515,0.08620689655172414,1.0,0.15873015873015872
3645,0.08620689655172414,1.0,0.15873015873015872
449,0.08620689655172414,1.0,0.15873015873015872
2018,0.08620689655172414,1.0,0.15873015873015872
426,0.08620689655172414,1.0,0.15873015873015872
490,0.08620689655172414,1.0,0.15873015873015872
2524,0.08620689655172414,1.0,0.15873015873015872
3661,0.08620689655172414,1.0,0.15873015873015872
2085,0.08620689655172414,1.0,0.15873015873015872
2007,0.08620689655172414,1.0,0.15873015873015872
559,0.08620689655172414,1.0,0.15873015873015872
623,0.08620689655172414,1.0,0.15873015873015872
1945,0.08620689655172414,1.0,0.15873015873015872
3659,0.08620689655172414,1.0,0.15873015873015872
554,0.08620689655172414,1.0,0.15873015873015872
2012,0.08620689655172414,1.0,0.15873015873015872
625,0.08620689655172414,1.0,0.15873015873015872
417,0.08620689655172414,1.0,0.15873015873015872
2581,0.08620689655172414,1.0,0.15873015873015872
351,0.08620689655172414,1.0,0.15873015873015872
965,0.08791208791208792,0.8,0.15841584158415842
780,0.08791208791208792,0.8,0.15841584158415842
265,0.08791208791208792,0.8,0.15841584158415842
2317,0.08653846153846154,0.9,0.15789473684210525
2515,0.08860759493670886,0.7,0.15730337078651685
3242,0.08860759493670886,0.7,0.15730337078651685
3285,0.0975609756097561,0.4,0.1568627450980392
1058,0.08571428571428572,0.9,0.1565217391304348
3893,0.08571428571428572,0.9,0.1565217391304348
1326,0.0875,0.7,0.15555555555555556
3159,0.08602150537634409,0.8,0.1553398058252427
4011,0.08602150537634409,0.8,0.1553398058252427
453,0.08490566037735849,0.9,0.15517241379310345
3302,0.0851063829787234,0.8,0.15384615384615385
2578,0.3333333333333333,0.1,0.15384615384615385
3564,0.125,0.2,0.15384615384615385
1941,0.0851063829787234,0.8,0.15384615384615385
3452,0.125,0.2,0.15384615384615385
3751,0.3333333333333333,0.1,0.15384615384615385
3425,0.3333333333333333,0.1,0.15384615384615385
2834,0.10344827586206896,0.3,0.15384615384615385
3838,0.125,0.2,0.15384615384615385
4031,0.3333333333333333,0.1,0.15384615384615385
2243,0.08641975308641975,0.7,0.15384615384615385
2564,0.10344827586206896,0.3,0.15384615384615385
2051,0.08333333333333333,0.9,0.15254237288135594
3670,0.08333333333333333,0.9,0.15254237288135594
2541,0.08536585365853659,0.7,0.15217391304347827
4004,0.08536585365853659,0.7,0.15217391304347827
4017,0.08928571428571429,0.5,0.15151515151515152
570,0.08928571428571429,0.5,0.15151515151515152
2588,0.08256880733944955,0.9,0.15126050420168066
1366,0.09302325581395349,0.4,0.1509433962264151
2103,0.08333333333333333,0.8,0.1509433962264151
4001,0.08333333333333333,0.8,0.1509433962264151
746,0.08333333333333333,0.8,0.1509433962264151
3732,0.1,0.3,0.15
252,0.08181818181818182,0.9,0.15
2937,0.1,0.3,0.15
2985,0.08181818181818182,0.9,0.15
1694,0.08181818181818182,0.9,0.15
2734,0.1,0.3,0.15
659,0.1,0.3,0.15
331,0.08771929824561403,0.5,0.14925373134328357
3402,0.08771929824561403,0.5,0.14925373134328357
3900,0.08333333333333333,0.7,0.14893617021276595
736,0.08108108108108109,0.9,0.1487603305785124
1911,0.08108108108108109,0.9,0.1487603305785124
3029,0.08108108108108109,0.9,0.1487603305785124
2419,0.08108108108108109,0.9,0.1487603305785124
3714,0.11764705882352941,0.2,0.14814814814814814
3182,0.11764705882352941,0.2,0.14814814814814814
930,0.08163265306122448,0.8,0.14814814814814814
2922,0.11764705882352941,0.2,0.14814814814814814
2682,0.08035714285714286,0.9,0.14754098360655737
852,0.08080808080808081,0.8,0.14678899082568808
2356,0.08080808080808081,0.8,0.14678899082568808
35,0.07964601769911504,0.9,0.14634146341463414
3097,0.07964601769911504,0.9,0.14634146341463414
2624,0.07964601769911504,0.9,0.14634146341463414
3641,0.07964601769911504,0.9,0.14634146341463414
1866,0.08139534883720931,0.7,0.14583333333333334
1497,0.08,0.8,0.14545454545454545
984,0.07894736842105263,0.9,0.14516129032258066
2613,0.07894736842105263,0.9,0.14516129032258066
2009,0.07894736842105263,0.9,0.14516129032258066
1552,0.0821917808219178,0.6,0.14457831325301204
4060,0.08045977011494253,0.7,0.14432989690721648
1138,0.08045977011494253,0.7,0.14432989690721648
1663,0.0782608695652174,0.9,0.144
2708,0.0782608695652174,0.9,0.144
3546,0.1111111111111111,0.2,0.14285714285714285
1476,0.25,0.1,0.14285714285714285
3303,0.25,0.1,0.14285714285714285
2919,0.25,0.1,0.14285714285714285
211,0.08333333333333333,0.5,0.14285714285714285
1850,0.09375,0.3,0.14285714285714285
2562,0.09375,0.3,0.14285714285714285
1903,0.07954545454545454,0.7,0.14285714285714285
2427,0.25,0.1,0.14285714285714285
2511,0.25,0.1,0.14285714285714285
621,0.07954545454545454,0.7,0.14285714285714285
1740,0.08,0.6,0.1411764705882353
4038,0.07777777777777778,0.7,0.14
1262,0.07777777777777778,0.7,0.14
89,0.09090909090909091,0.3,0.13953488372093023
3766,0.0761904761904762,0.8,0.1391304347826087
1553,0.08064516129032258,0.5,0.1388888888888889
3599,0.07692307692307693,0.7,0.13861386138613863
472,0.07692307692307693,0.7,0.13861386138613863
1825,0.10526315789473684,0.2,0.13793103448275862
4026,0.08333333333333333,0.4,0.13793103448275862
2424,0.10526315789473684,0.2,0.13793103448275862
784,0.07936507936507936,0.5,0.136986301369863
920,0.07936507936507936,0.5,0.136986301369863
698,0.08823529411764706,0.3,0.13636363636363635
2064,0.07526881720430108,0.7,0.13592233009708737
3387,0.08163265306122448,0.4,0.13559322033898305
3434,0.08571428571428572,0.3,0.13333333333333333
2464,0.2,0.1,0.13333333333333333
2305,0.2,0.1,0.13333333333333333
2283,0.2,0.1,0.13333333333333333
1266,0.2,0.1,0.13333333333333333
672,0.075,0.6,0.13333333333333333
602,0.07692307692307693,0.5,0.13333333333333333
3212,0.2,0.1,0.13333333333333333
1789,0.07575757575757576,0.5,0.13157894736842105
1134,0.07575757575757576,0.5,0.13157894736842105
199,0.07142857142857142,0.8,0.13114754098360656
1217,0.07216494845360824,0.7,0.1308411214953271
2150,0.08333333333333333,0.3,0.13043478260869565
2547,0.07462686567164178,0.5,0.12987012987012986
2843,0.0707070707070707,0.7,0.12844036697247707
877,0.08108108108108109,0.3,0.1276595744680851
3283,0.08108108108108109,0.3,0.1276595744680851
2738,0.07058823529411765,0.6,0.12631578947368421
818,0.07058823529411765,0.6,0.12631578947368421
2380,0.09090909090909091,0.2,0.125
590,0.16666666666666666,0.1,0.125
3263,0.16666666666666666,0.1,0.125
2210,0.07407407407407407,0.4,0.125
101,0.06976744186046512,0.6,0.125
3474,0.07407407407407407,0.4,0.125
3640,0.06976744186046512,0.6,0.125
761,0.16666666666666666,0.1,0.125
643,0.07407407407407407,0.4,0.125
204,0.07042253521126761,0.5,0.12345679012345678
1323,0.06944444444444445,0.5,0.12195121951219512
1947,0.08695652173913043,0.2,0.12121212121212122
1357,0.0684931506849315,0.5,0.12048192771084337
2441,0.06666666666666667,0.6,0.12
4029,0.07017543859649122,0.4,0.11940298507462686
1634,0.06756756756756757,0.5,0.11904761904761904
752,0.14285714285714285,0.1,0.11764705882352941
288,0.08333333333333333,0.2,0.11764705882352941
3978,0.14285714285714285,0.1,0.11764705882352941
3098,0.06306306306306306,0.7,0.11570247933884298
2733,0.07142857142857142,0.3,0.11538461538461539
1453,0.08,0.2,0.11428571428571428
3210,0.06666666666666667,0.4,0.11428571428571428
1957,0.06557377049180328,0.4,0.11267605633802817
721,0.125,0.1,0.1111111111111111
2197,0.06818181818181818,0.3,0.1111111111111111
3099,0.07692307692307693,0.2,0.1111111111111111
2352,0.06818181818181818,0.3,0.1111111111111111
329,0.06349206349206349,0.4,0.1095890410958904
311,0.06349206349206349,0.4,0.1095890410958904
775,0.06666666666666667,0.3,0.10909090909090909
2331,0.06666666666666667,0.3,0.10909090909090909
2976,0.07407407407407407,0.2,0.10810810810810811
3033,0.0625,0.4,0.10810810810810811
634,0.07407407407407407,0.2,0.10810810810810811
3446,0.06521739130434782,0.3,0.10714285714285714
2525,0.06521739130434782,0.3,0.10714285714285714
3859,0.06382978723404255,0.3,0.10526315789473684
3469,0.0625,0.3,0.10344827586206896
2253,0.0625,0.3,0.10344827586206896
2509,0.0625,0.3,0.10344827586206896
2975,0.06896551724137931,0.2,0.10256410256410256
3213,0.061224489795918366,0.3,0.1016949152542373
3419,0.057971014492753624,0.4,0.10126582278481013
455,0.06666666666666667,0.2,0.1
855,0.06,0.3,0.1
3723,0.1,0.1,0.1
1195,0.06666666666666667,0.2,0.1
2315,0.06666666666666667,0.2,0.1
1115,0.05555555555555555,0.4,0.0975609756097561
39,0.05555555555555555,0.4,0.0975609756097561
254,0.057692307692307696,0.3,0.0967741935483871
2319,0.09090909090909091,0.1,0.09523809523809523
944,0.09090909090909091,0.1,0.09523809523809523
3181,0.09090909090909091,0.1,0.09523809523809523
3073,0.09090909090909091,0.1,0.09523809523809523
460,0.052083333333333336,0.5,0.09433962264150944
1782,0.05333333333333334,0.4,0.09411764705882353
812,0.06060606060606061,0.2,0.09302325581395349
1485,0.05454545454545454,0.3,0.09230769230769231
4043,0.058823529411764705,0.2,0.09090909090909091
3327,0.058823529411764705,0.2,0.09090909090909091
3245,0.05714285714285714,0.2,0.08888888888888889
2360,0.05172413793103448,0.3,0.08823529411764706
3569,0.07692307692307693,0.1,0.08695652173913043
1415,0.047619047619047616,0.3,0.0821917808219178
435,0.05,0.2,0.08
3614,0.05,0.2,0.08
990,0.0625,0.1,0.07692307692307693
4003,0.058823529411764705,0.1,0.07407407407407407
3817,0.058823529411764705,0.1,0.07407407407407407
3267,0.05555555555555555,0.1,0.07142857142857142
2183,0.05263157894736842,0.1,0.06896551724137931
1329,0.05263157894736842,0.1,0.06896551724137931
2500,0.05263157894736842,0.1,0.06896551724137931
538,0.0392156862745098,0.2,0.06557377049180328
542,0.047619047619047616,0.1,0.06451612903225806
3252,0.045454545454545456,0.1,0.0625
2947,0.045454545454545456,0.1,0.0625
1462,0.043478260869565216,0.1,0.06060606060606061
1007,0.041666666666666664,0.1,0.058823529411764705
4028,0.041666666666666664,0.1,0.058823529411764705
2438,0.04,0.1,0.05714285714285714
1132,0.038461538461538464,0.1,0.05555555555555555
2314,0.03571428571428571,0.1,0.05263157894736842
822,0.03571428571428571,0.1,0.05263157894736842
2516,0.034482758620689655,0.1,0.05128205128205128
3689,0.03125,0.1,0.047619047619047616
651,0.027777777777777776,0.1,0.043478260869565216
66,0.025,0.1,0.04
1322,0.025,0.1,0.04
3955,0.024390243902439025,0.1,0.0392156862745098
1597,0.02,0.1,0.03333333333333333
2556,0.0,0.0,0.0
2868,0.0,0.0,0.0
2863,0.0,0.0,0.0
2913,0.0,0.0,0.0
2869,0.0,0.0,0.0
2399,0.0,0.0,0.0
2540,0.0,0.0,0.0
2398,0.0,0.0,0.0
2864,0.0,0.0,0.0
2371,0.0,0.0,0.0
2867,0.0,0.0,0.0
2862,0.0,0.0,0.0
2563,0.0,0.0,0.0
2866,0.0,0.0,0.0
2549,0.0,0.0,0.0
2586,0.0,0.0,0.0
2860,0.0,0.0,0.0
2926,0.0,0.0,0.0
2946,0.0,0.0,0.0
2557,0.0,0.0,0.0
2927,0.0,0.0,0.0
2369,0.0,0.0,0.0
2950,0.0,0.0,0.0
2536,0.0,0.0,0.0
2851,0.0,0.0,0.0
2373,0.0,0.0,0.0
2403,0.0,0.0,0.0
2591,0.0,0.0,0.0
2376,0.0,0.0,0.0
2918,0.0,0.0,0.0
2359,0.0,0.0,0.0
2375,0.0,0.0,0.0
2533,0.0,0.0,0.0
2404,0.0,0.0,0.0
2561,0.0,0.0,0.0
2917,0.0,0.0,0.0
2560,0.0,0.0,0.0
2850,0.0,0.0,0.0
2921,0.0,0.0,0.0
2954,0.0,0.0,0.0
2955,0.0,0.0,0.0
2848,0.0,0.0,0.0
2592,0.0,0.0,0.0
2406,0.0,0.0,0.0
2956,0.0,0.0,0.0
2952,0.0,0.0,0.0
2590,0.0,0.0,0.0
2548,0.0,0.0,0.0
2924,0.0,0.0,0.0
2948,0.0,0.0,0.0
2535,0.0,0.0,0.0
2379,0.0,0.0,0.0
2915,0.0,0.0,0.0
2372,0.0,0.0,0.0
2362,0.0,0.0,0.0
2401,0.0,0.0,0.0
2949,0.0,0.0,0.0
2859,0.0,0.0,0.0
2402,0.0,0.0,0.0
2916,0.0,0.0,0.0
2912,0.0,0.0,0.0
2858,0.0,0.0,0.0
2857,0.0,0.0,0.0
2361,0.0,0.0,0.0
2951,0.0,0.0,0.0
2855,0.0,0.0,0.0
2854,0.0,0.0,0.0
2853,0.0,0.0,0.0
2559,0.0,0.0,0.0
2870,0.0,0.0,0.0
2539,0.0,0.0,0.0
2928,0.0,0.0,0.0
2898,0.0,0.0,0.0
2936,0.0,0.0,0.0
2571,0.0,0.0,0.0
2899,0.0,0.0,0.0
2888,0.0,0.0,0.0
2887,0.0,0.0,0.0
2407,0.0,0.0,0.0
2900,0.0,0.0,0.0
2901,0.0,0.0,0.0
2902,0.0,0.0,0.0
2886,0.0,0.0,0.0
2544,0.0,0.0,0.0
2570,0.0,0.0,0.0
2386,0.0,0.0,0.0
2543,0.0,0.0,0.0
2938,0.0,0.0,0.0
2904,0.0,0.0,0.0
2939,0.0,0.0,0.0
2905,0.0,0.0,0.0
2569,0.0,0.0,0.0
2387,0.0,0.0,0.0
2572,0.0,0.0,0.0
2397,0.0,0.0,0.0
2889,0.0,0.0,0.0
2932,0.0,0.0,0.0
2895,0.0,0.0,0.0
2933,0.0,0.0,0.0
2388,0.0,0.0,0.0
2574,0.0,0.0,0.0
2575,0.0,0.0,0.0
2576,0.0,0.0,0.0
2368,0.0,0.0,0.0
2390,0.0,0.0,0.0
2537,0.0,0.0,0.0
2553,0.0,0.0,0.0
2367,0.0,0.0,0.0
2894,0.0,0.0,0.0
2934,0.0,0.0,0.0
2892,0.0,0.0,0.0
2935,0.0,0.0,0.0
2931,0.0,0.0,0.0
2891,0.0,0.0,0.0
2890,0.0,0.0,0.0
2394,0.0,0.0,0.0
2906,0.0,0.0,0.0
2885,0.0,0.0,0.0
2907,0.0,0.0,0.0
2580,0.0,0.0,0.0
2910,0.0,0.0,0.0
2896,0.0,0.0,0.0
2396,0.0,0.0,0.0
2943,0.0,0.0,0.0
2582,0.0,0.0,0.0
2874,0.0,0.0,0.0
2873,0.0,0.0,0.0
2363,0.0,0.0,0.0
2944,0.0,0.0,0.0
2583,0.0,0.0,0.0
2584,0.0,0.0,0.0
2872,0.0,0.0,0.0
2370,0.0,0.0,0.0
2929,0.0,0.0,0.0
2871,0.0,0.0,0.0
2945,0.0,0.0,0.0
2911,0.0,0.0,0.0
2585,0.0,0.0,0.0
2942,0.0,0.0,0.0
2382,0.0,0.0,0.0
2876,0.0,0.0,0.0
2880,0.0,0.0,0.0
2385,0.0,0.0,0.0
2552,0.0,0.0,0.0
2884,0.0,0.0,0.0
2883,0.0,0.0,0.0
2384,0.0,0.0,0.0
2395,0.0,0.0,0.0
2881,0.0,0.0,0.0
2940,0.0,0.0,0.0
2551,0.0,0.0,0.0
2579,0.0,0.0,0.0
2941,0.0,0.0,0.0
2568,0.0,0.0,0.0
2879,0.0,0.0,0.0
2567,0.0,0.0,0.0
2878,0.0,0.0,0.0
2550,0.0,0.0,0.0
2930,0.0,0.0,0.0
2908,0.0,0.0,0.0
2650,0.0,0.0,0.0
2608,0.0,0.0,0.0
2408,0.0,0.0,0.0
2715,0.0,0.0,0.0
2631,0.0,0.0,0.0
2466,0.0,0.0,0.0
2712,0.0,0.0,0.0
2465,0.0,0.0,0.0
2713,0.0,0.0,0.0
2714,0.0,0.0,0.0
2717,0.0,0.0,0.0
2461,0.0,0.0,0.0
2718,0.0,0.0,0.0
2719,0.0,0.0,0.0
2630,0.0,0.0,0.0
2720,0.0,0.0,0.0
2721,0.0,0.0,0.0
2463,0.0,0.0,0.0
2508,0.0,0.0,0.0
2710,0.0,0.0,0.0
2507,0.0,0.0,0.0
2506,0.0,0.0,0.0
2632,0.0,0.0,0.0
2505,0.0,0.0,0.0
2707,0.0,0.0,0.0
2706,0.0,0.0,0.0
2705,0.0,0.0,0.0
2704,0.0,0.0,0.0
2703,0.0,0.0,0.0
2702,0.0,0.0,0.0
2468,0.0,0.0,0.0
2469,0.0,0.0,0.0
2470,0.0,0.0,0.0
2701,0.0,0.0,0.0
2502,0.0,0.0,0.0
2724,0.0,0.0,0.0
2460,0.0,0.0,0.0
2501,0.0,0.0,0.0
2454,0.0,0.0,0.0
2744,0.0,0.0,0.0
2510,0.0,0.0,0.0
2626,0.0,0.0,0.0
2625,0.0,0.0,0.0
2455,0.0,0.0,0.0
2746,0.0,0.0,0.0
2747,0.0,0.0,0.0
2726,0.0,0.0,0.0
2748,0.0,0.0,0.0
2453,0.0,0.0,0.0
2546,0.0,0.0,0.0
2751,0.0,0.0,0.0
2752,0.0,0.0,0.0
2753,0.0,0.0,0.0
2743,0.0,0.0,0.0
2742,0.0,0.0,0.0
2741,0.0,0.0,0.0
2456,0.0,0.0,0.0
2627,0.0,0.0,0.0
2457,0.0,0.0,0.0
2739,0.0,0.0,0.0
2737,0.0,0.0,0.0
2736,0.0,0.0,0.0
2735,0.0,0.0,0.0
2732,0.0,0.0,0.0
2628,0.0,0.0,0.0
2731,0.0,0.0,0.0
2458,0.0,0.0,0.0
2729,0.0,0.0,0.0
2727,0.0,0.0,0.0
2459,0.0,0.0,0.0
2700,0.0,0.0,0.0
2698,0.0,0.0,0.0
2847,0.0,0.0,0.0
2483,0.0,0.0,0.0
2645,0.0,0.0,0.0
2644,0.0,0.0,0.0
2663,0.0,0.0,0.0
2664,0.0,0.0,0.0
2665,0.0,0.0,0.0
2666,0.0,0.0,0.0
2667,0.0,0.0,0.0
2675,0.0,0.0,0.0
2668,0.0,0.0,0.0
2482,0.0,0.0,0.0
2669,0.0,0.0,0.0
2671,0.0,0.0,0.0
2673,0.0,0.0,0.0
2674,0.0,0.0,0.0
2486,0.0,0.0,0.0
2646,0.0,0.0,0.0
2662,0.0,0.0,0.0
2487,0.0,0.0,0.0
2661,0.0,0.0,0.0
2660,0.0,0.0,0.0
2659,0.0,0.0,0.0
2658,0.0,0.0,0.0
2657,0.0,0.0,0.0
2655,0.0,0.0,0.0
2492,0.0,0.0,0.0
2654,0.0,0.0,0.0
2491,0.0,0.0,0.0
2490,0.0,0.0,0.0
2649,0.0,0.0,0.0
2653,0.0,0.0,0.0
2652,0.0,0.0,0.0
2481,0.0,0.0,0.0
2643,0.0,0.0,0.0
2634,0.0,0.0,0.0
2690,0.0,0.0,0.0
2687,0.0,0.0,0.0
2475,0.0,0.0,0.0
2637,0.0,0.0,0.0
2498,0.0,0.0,0.0
2688,0.0,0.0,0.0
2636,0.0,0.0,0.0
2691,0.0,0.0,0.0
2494,0.0,0.0,0.0
2474,0.0,0.0,0.0
2692,0.0,0.0,0.0
2693,0.0,0.0,0.0
2694,0.0,0.0,0.0
2635,0.0,0.0,0.0
2499,0.0,0.0,0.0
2686,0.0,0.0,0.0
2638,0.0,0.0,0.0
2497,0.0,0.0,0.0
2476,0.0,0.0,0.0
2684,0.0,0.0,0.0
2683,0.0,0.0,0.0
2496,0.0,0.0,0.0
2681,0.0,0.0,0.0
2640,0.0,0.0,0.0
2680,0.0,0.0,0.0
2679,0.0,0.0,0.0
2678,0.0,0.0,0.0
2641,0.0,0.0,0.0
2677,0.0,0.0,0.0
2642,0.0,0.0,0.0
2478,0.0,0.0,0.0
2495,0.0,0.0,0.0
2452,0.0,0.0,0.0
2754,0.0,0.0,0.0
2755,0.0,0.0,0.0
2819,0.0,0.0,0.0
2815,0.0,0.0,0.0
2606,0.0,0.0,0.0
2816,0.0,0.0,0.0
2817,0.0,0.0,0.0
2417,0.0,0.0,0.0
2818,0.0,0.0,0.0
2605,0.0,0.0,0.0
2822,0.0,0.0,0.0
2416,0.0,0.0,0.0
2820,0.0,0.0,0.0
2415,0.0,0.0,0.0
2821,0.0,0.0,0.0
2604,0.0,0.0,0.0
2414,0.0,0.0,0.0
2814,0.0,0.0,0.0
2418,0.0,0.0,0.0
2813,0.0,0.0,0.0
2812,0.0,0.0,0.0
2811,0.0,0.0,0.0
2810,0.0,0.0,0.0
2809,0.0,0.0,0.0
2523,0.0,0.0,0.0
2522,0.0,0.0,0.0
2651,0.0,0.0,0.0
2806,0.0,0.0,0.0
2420,0.0,0.0,0.0
2421,0.0,0.0,0.0
2805,0.0,0.0,0.0
2521,0.0,0.0,0.0
2422,0.0,0.0,0.0
2520,0.0,0.0,0.0
2603,0.0,0.0,0.0
2413,0.0,0.0,0.0
2623,0.0,0.0,0.0
2841,0.0,0.0,0.0
2410,0.0,0.0,0.0
2836,0.0,0.0,0.0
2837,0.0,0.0,0.0
2594,0.0,0.0,0.0
2839,0.0,0.0,0.0
2840,0.0,0.0,0.0
2842,0.0,0.0,0.0
2602,0.0,0.0,0.0
2409,0.0,0.0,0.0
2531,0.0,0.0,0.0
2593,0.0,0.0,0.0
2844,0.0,0.0,0.0
2845,0.0,0.0,0.0
2846,0.0,0.0,0.0
2595,0.0,0.0,0.0
2833,0.0,0.0,0.0
2596,0.0,0.0,0.0
2832,0.0,0.0,0.0
2411,0.0,0.0,0.0
2598,0.0,0.0,0.0
2829,0.0,0.0,0.0
2828,0.0,0.0,0.0
2827,0.0,0.0,0.0
2826,0.0,0.0,0.0
2825,0.0,0.0,0.0
2412,0.0,0.0,0.0
2529,0.0,0.0,0.0
2528,0.0,0.0,0.0
2527,0.0,0.0,0.0
2823,0.0,0.0,0.0
2526,0.0,0.0,0.0
2803,0.0,0.0,0.0
2802,0.0,0.0,0.0
2610,0.0,0.0,0.0
2767,0.0,0.0,0.0
2617,0.0,0.0,0.0
2765,0.0,0.0,0.0
2766,0.0,0.0,0.0
2616,0.0,0.0,0.0
2444,0.0,0.0,0.0
2443,0.0,0.0,0.0
2512,0.0,0.0,0.0
2801,0.0,0.0,0.0
2768,0.0,0.0,0.0
2769,0.0,0.0,0.0
2770,0.0,0.0,0.0
2771,0.0,0.0,0.0
2442,0.0,0.0,0.0
2772,0.0,0.0,0.0
2618,0.0,0.0,0.0
2764,0.0,0.0,0.0
2445,0.0,0.0,0.0
2447,0.0,0.0,0.0
2619,0.0,0.0,0.0
2620,0.0,0.0,0.0
2448,0.0,0.0,0.0
2449,0.0,0.0,0.0
2450,0.0,0.0,0.0
2760,0.0,0.0,0.0
2621,0.0,0.0,0.0
2759,0.0,0.0,0.0
2622,0.0,0.0,0.0
2758,0.0,0.0,0.0
2757,0.0,0.0,0.0
2756,0.0,0.0,0.0
2451,0.0,0.0,0.0
2773,0.0,0.0,0.0
2774,0.0,0.0,0.0
2440,0.0,0.0,0.0
2791,0.0,0.0,0.0
2519,0.0,0.0,0.0
2425,0.0,0.0,0.0
2426,0.0,0.0,0.0
2518,0.0,0.0,0.0
2428,0.0,0.0,0.0
2796,0.0,0.0,0.0
2430,0.0,0.0,0.0
2795,0.0,0.0,0.0
2794,0.0,0.0,0.0
2612,0.0,0.0,0.0
2432,0.0,0.0,0.0
2793,0.0,0.0,0.0
2433,0.0,0.0,0.0
2792,0.0,0.0,0.0
2790,0.0,0.0,0.0
2776,0.0,0.0,0.0
2788,0.0,0.0,0.0
2434,0.0,0.0,0.0
2786,0.0,0.0,0.0
2435,0.0,0.0,0.0
2784,0.0,0.0,0.0
2783,0.0,0.0,0.0
2436,0.0,0.0,0.0
2437,0.0,0.0,0.0
2782,0.0,0.0,0.0
2781,0.0,0.0,0.0
2614,0.0,0.0,0.0
2517,0.0,0.0,0.0
2779,0.0,0.0,0.0
2777,0.0,0.0,0.0
2957,0.0,0.0,0.0
3217,0.0,0.0,0.0
2958,0.0,0.0,0.0
3716,0.0,0.0,0.0
3703,0.0,0.0,0.0
3704,0.0,0.0,0.0
3705,0.0,0.0,0.0
3706,0.0,0.0,0.0
3707,0.0,0.0,0.0
3709,0.0,0.0,0.0
3710,0.0,0.0,0.0
3711,0.0,0.0,0.0
3712,0.0,0.0,0.0
3715,0.0,0.0,0.0
3717,0.0,0.0,0.0
3701,0.0,0.0,0.0
3718,0.0,0.0,0.0
3719,0.0,0.0,0.0
3720,0.0,0.0,0.0
3721,0.0,0.0,0.0
3722,0.0,0.0,0.0
3725,0.0,0.0,0.0
3727,0.0,0.0,0.0
3729,0.0,0.0,0.0
3731,0.0,0.0,0.0
3733,0.0,0.0,0.0
3702,0.0,0.0,0.0
3700,0.0,0.0,0.0
3735,0.0,0.0,0.0
3684,0.0,0.0,0.0
3672,0.0,0.0,0.0
3673,0.0,0.0,0.0
3674,0.0,0.0,0.0
3676,0.0,0.0,0.0
3678,0.0,0.0,0.0
3679,0.0,0.0,0.0
3680,0.0,0.0,0.0
3681,0.0,0.0,0.0
3682,0.0,0.0,0.0
3683,0.0,0.0,0.0
3685,0.0,0.0,0.0
3698,0.0,0.0,0.0
3686,0.0,0.0,0.0
3687,0.0,0.0,0.0
3688,0.0,0.0,0.0
3690,0.0,0.0,0.0
3691,0.0,0.0,0.0
3692,0.0,0.0,0.0
3693,0.0,0.0,0.0
3694,0.0,0.0,0.0
3695,0.0,0.0,0.0
3696,0.0,0.0,0.0
3734,0.0,0.0,0.0
3737,0.0,0.0,0.0
3669,0.0,0.0,0.0
3788,0.0,0.0,0.0
3774,0.0,0.0,0.0
3775,0.0,0.0,0.0
3776,0.0,0.0,0.0
3778,0.0,0.0,0.0
3780,0.0,0.0,0.0
3782,0.0,0.0,0.0
3784,0.0,0.0,0.0
3785,0.0,0.0,0.0
3786,0.0,0.0,0.0
3787,0.0,0.0,0.0
3790,0.0,0.0,0.0
3772,0.0,0.0,0.0
3792,0.0,0.0,0.0
3793,0.0,0.0,0.0
3794,0.0,0.0,0.0
3795,0.0,0.0,0.0
3799,0.0,0.0,0.0
3800,0.0,0.0,0.0
3801,0.0,0.0,0.0
3803,0.0,0.0,0.0
3804,0.0,0.0,0.0
3805,0.0,0.0,0.0
3773,0.0,0.0,0.0
3771,0.0,0.0,0.0
3739,0.0,0.0,0.0
3756,0.0,0.0,0.0
3740,0.0,0.0,0.0
3743,0.0,0.0,0.0
3744,0.0,0.0,0.0
3746,0.0,0.0,0.0
3747,0.0,0.0,0.0
3748,0.0,0.0,0.0
3752,0.0,0.0,0.0
3753,0.0,0.0,0.0
3754,0.0,0.0,0.0
3755,0.0,0.0,0.0
3758,0.0,0.0,0.0
3770,0.0,0.0,0.0
3759,0.0,0.0,0.0
3760,0.0,0.0,0.0
3761,0.0,0.0,0.0
3762,0.0,0.0,0.0
3763,0.0,0.0,0.0
3764,0.0,0.0,0.0
3765,0.0,0.0,0.0
3767,0.0,0.0,0.0
3768,0.0,0.0,0.0
3769,0.0,0.0,0.0
3671,0.0,0.0,0.0
3667,0.0,0.0,0.0
2959,0.0,0.0,0.0
3580,0.0,0.0,0.0
3561,0.0,0.0,0.0
3562,0.0,0.0,0.0
3565,0.0,0.0,0.0
3570,0.0,0.0,0.0
3571,0.0,0.0,0.0
3573,0.0,0.0,0.0
3574,0.0,0.0,0.0
3575,0.0,0.0,0.0
3576,0.0,0.0,0.0
3579,0.0,0.0,0.0
3582,0.0,0.0,0.0
3557,0.0,0.0,0.0
3583,0.0,0.0,0.0
3584,0.0,0.0,0.0
3585,0.0,0.0,0.0
3586,0.0,0.0,0.0
3587,0.0,0.0,0.0
3588,0.0,0.0,0.0
3590,0.0,0.0,0.0
3591,0.0,0.0,0.0
3592,0.0,0.0,0.0
3593,0.0,0.0,0.0
3559,0.0,0.0,0.0
3556,0.0,0.0,0.0
3597,0.0,0.0,0.0
3536,0.0,0.0,0.0
3525,0.0,0.0,0.0
3526,0.0,0.0,0.0
3528,0.0,0.0,0.0
3529,0.0,0.0,0.0
3530,0.0,0.0,0.0
3531,0.0,0.0,0.0
3532,0.0,0.0,0.0
3533,0.0,0.0,0.0
3534,0.0,0.0,0.0
3535,0.0,0.0,0.0
3537,0.0,0.0,0.0
3554,0.0,0.0,0.0
3538,0.0,0.0,0.0
3539,0.0,0.0,0.0
3541,0.0,0.0,0.0
3542,0.0,0.0,0.0
3543,0.0,0.0,0.0
3544,0.0,0.0,0.0
3548,0.0,0.0,0.0
3549,0.0,0.0,0.0
3551,0.0,0.0,0.0
3553,0.0,0.0,0.0
3596,0.0,0.0,0.0
3600,0.0,0.0,0.0
3666,0.0,0.0,0.0
3650,0.0,0.0,0.0
3636,0.0,0.0,0.0
3637,0.0,0.0,0.0
3638,0.0,0.0,0.0
3639,0.0,0.0,0.0
3642,0.0,0.0,0.0
3643,0.0,0.0,0.0
3644,0.0,0.0,0.0
3646,0.0,0.0,0.0
3648,0.0,0.0,0.0
3649,0.0,0.0,0.0
3651,0.0,0.0,0.0
3633,0.0,0.0,0.0
3652,0.0,0.0,0.0
3653,0.0,0.0,0.0
3654,0.0,0.0,0.0
3656,0.0,0.0,0.0
3658,0.0,0.0,0.0
3660,0.0,0.0,0.0
3662,0.0,0.0,0.0
3663,0.0,0.0,0.0
3664,0.0,0.0,0.0
3665,0.0,0.0,0.0
3634,0.0,0.0,0.0
3632,0.0,0.0,0.0
3601,0.0,0.0,0.0
3617,0.0,0.0,0.0
3603,0.0,0.0,0.0
3604,0.0,0.0,0.0
3606,0.0,0.0,0.0
3607,0.0,0.0,0.0
3608,0.0,0.0,0.0
3609,0.0,0.0,0.0
3612,0.0,0.0,0.0
3613,0.0,0.0,0.0
3615,0.0,0.0,0.0
3616,0.0,0.0,0.0
3618,0.0,0.0,0.0
3631,0.0,0.0,0.0
3620,0.0,0.0,0.0
3621,0.0,0.0,0.0
3623,0.0,0.0,0.0
3624,0.0,0.0,0.0
3625,0.0,0.0,0.0
3626,0.0,0.0,0.0
3627,0.0,0.0,0.0
3628,0.0,0.0,0.0
3629,0.0,0.0,0.0
3630,0.0,0.0,0.0
3806,0.0,0.0,0.0
3807,0.0,0.0,0.0
3809,0.0,0.0,0.0
4005,0.0,0.0,0.0
3992,0.0,0.0,0.0
3993,0.0,0.0,0.0
3994,0.0,0.0,0.0
3995,0.0,0.0,0.0
3996,0.0,0.0,0.0
3997,0.0,0.0,0.0
3998,0.0,0.0,0.0
3999,0.0,0.0,0.0
4000,0.0,0.0,0.0
4002,0.0,0.0,0.0
4006,0.0,0.0,0.0
3988,0.0,0.0,0.0
4009,0.0,0.0,0.0
4010,0.0,0.0,0.0
4012,0.0,0.0,0.0
4013,0.0,0.0,0.0
4014,0.0,0.0,0.0
4015,0.0,0.0,0.0
4016,0.0,0.0,0.0
4018,0.0,0.0,0.0
4019,0.0,0.0,0.0
4020,0.0,0.0,0.0
3989,0.0,0.0,0.0
3987,0.0,0.0,0.0
4023,0.0,0.0,0.0
3968,0.0,0.0,0.0
3953,0.0,0.0,0.0
3954,0.0,0.0,0.0
3957,0.0,0.0,0.0
3958,0.0,0.0,0.0
3960,0.0,0.0,0.0
3962,0.0,0.0,0.0
3963,0.0,0.0,0.0
3965,0.0,0.0,0.0
3966,0.0,0.0,0.0
3967,0.0,0.0,0.0
3969,0.0,0.0,0.0
3985,0.0,0.0,0.0
3970,0.0,0.0,0.0
3971,0.0,0.0,0.0
3972,0.0,0.0,0.0
3974,0.0,0.0,0.0
3976,0.0,0.0,0.0
3980,0.0,0.0,0.0
3981,0.0,0.0,0.0
3982,0.0,0.0,0.0
3983,0.0,0.0,0.0
3984,0.0,0.0,0.0
4021,0.0,0.0,0.0
4024,0.0,0.0,0.0
3810,0.0,0.0,0.0
4080,0.0,0.0,0.0
4067,0.0,0.0,0.0
4068,0.0,0.0,0.0
4069,0.0,0.0,0.0
4070,0.0,0.0,0.0
4071,0.0,0.0,0.0
4073,0.0,0.0,0.0
4074,0.0,0.0,0.0
4075,0.0,0.0,0.0
4077,0.0,0.0,0.0
4079,0.0,0.0,0.0
4081,0.0,0.0,0.0
4065,0.0,0.0,0.0
4082,0.0,0.0,0.0
4084,0.0,0.0,0.0
4085,0.0,0.0,0.0
4086,0.0,0.0,0.0
4087,0.0,0.0,0.0
4088,0.0,0.0,0.0
4090,0.0,0.0,0.0
4091,0.0,0.0,0.0
4092,0.0,0.0,0.0
4094,0.0,0.0,0.0
4066,0.0,0.0,0.0
4064,0.0,0.0,0.0
4025,0.0,0.0,0.0
4045,0.0,0.0,0.0
4027,0.0,0.0,0.0
4030,0.0,0.0,0.0
4032,0.0,0.0,0.0
4033,0.0,0.0,0.0
4035,0.0,0.0,0.0
4036,0.0,0.0,0.0
4039,0.0,0.0,0.0
4040,0.0,0.0,0.0
4041,0.0,0.0,0.0
4044,0.0,0.0,0.0
4046,0.0,0.0,0.0
4063,0.0,0.0,0.0
4048,0.0,0.0,0.0
4049,0.0,0.0,0.0
4051,0.0,0.0,0.0
4053,0.0,0.0,0.0
4054,0.0,0.0,0.0
4055,0.0,0.0,0.0
4057,0.0,0.0,0.0
4058,0.0,0.0,0.0
4059,0.0,0.0,0.0
4061,0.0,0.0,0.0
3952,0.0,0.0,0.0
3950,0.0,0.0,0.0
3949,0.0,0.0,0.0
3862,0.0,0.0,0.0
3847,0.0,0.0,0.0
3850,0.0,0.0,0.0
3851,0.0,0.0,0.0
3852,0.0,0.0,0.0
3854,0.0,0.0,0.0
3855,0.0,0.0,0.0
3856,0.0,0.0,0.0
3857,0.0,0.0,0.0
3858,0.0,0.0,0.0
3860,0.0,0.0,0.0
3863,0.0,0.0,0.0
3845,0.0,0.0,0.0
3864,0.0,0.0,0.0
3866,0.0,0.0,0.0
3867,0.0,0.0,0.0
3868,0.0,0.0,0.0
3869,0.0,0.0,0.0
3870,0.0,0.0,0.0
3872,0.0,0.0,0.0
3874,0.0,0.0,0.0
3875,0.0,0.0,0.0
3876,0.0,0.0,0.0
3846,0.0,0.0,0.0
3844,0.0,0.0,0.0
3948,0.0,0.0,0.0
3825,0.0,0.0,0.0
3812,0.0,0.0,0.0
3813,0.0,0.0,0.0
3814,0.0,0.0,0.0
3815,0.0,0.0,0.0
3816,0.0,0.0,0.0
3818,0.0,0.0,0.0
3819,0.0,0.0,0.0
3821,0.0,0.0,0.0
3822,0.0,0.0,0.0
3823,0.0,0.0,0.0
3827,0.0,0.0,0.0
3843,0.0,0.0,0.0
3828,0.0,0.0,0.0
3829,0.0,0.0,0.0
3831,0.0,0.0,0.0
3833,0.0,0.0,0.0
3835,0.0,0.0,0.0
3837,0.0,0.0,0.0
3839,0.0,0.0,0.0
3840,0.0,0.0,0.0
3841,0.0,0.0,0.0
3842,0.0,0.0,0.0
3878,0.0,0.0,0.0
3881,0.0,0.0,0.0
3883,0.0,0.0,0.0
3932,0.0,0.0,0.0
3913,0.0,0.0,0.0
3914,0.0,0.0,0.0
3916,0.0,0.0,0.0
3917,0.0,0.0,0.0
3924,0.0,0.0,0.0
3925,0.0,0.0,0.0
3926,0.0,0.0,0.0
3927,0.0,0.0,0.0
3928,0.0,0.0,0.0
3931,0.0,0.0,0.0
3933,0.0,0.0,0.0
3884,0.0,0.0,0.0
3934,0.0,0.0,0.0
3936,0.0,0.0,0.0
3937,0.0,0.0,0.0
3938,0.0,0.0,0.0
3939,0.0,0.0,0.0
3940,0.0,0.0,0.0
3942,0.0,0.0,0.0
3943,0.0,0.0,0.0
3945,0.0,0.0,0.0
3946,0.0,0.0,0.0
3912,0.0,0.0,0.0
3911,0.0,0.0,0.0
3910,0.0,0.0,0.0
3909,0.0,0.0,0.0
3885,0.0,0.0,0.0
3886,0.0,0.0,0.0
3887,0.0,0.0,0.0
3888,0.0,0.0,0.0
3889,0.0,0.0,0.0
3890,0.0,0.0,0.0
3891,0.0,0.0,0.0
3892,0.0,0.0,0.0
3894,0.0,0.0,0.0
3895,0.0,0.0,0.0
3896,0.0,0.0,0.0
3897,0.0,0.0,0.0
3898,0.0,0.0,0.0
3899,0.0,0.0,0.0
3901,0.0,0.0,0.0
3902,0.0,0.0,0.0
3903,0.0,0.0,0.0
3904,0.0,0.0,0.0
3906,0.0,0.0,0.0
3907,0.0,0.0,0.0
3908,0.0,0.0,0.0
3524,0.0,0.0,0.0
3523,0.0,0.0,0.0
3522,0.0,0.0,0.0
3141,0.0,0.0,0.0
3130,0.0,0.0,0.0
3131,0.0,0.0,0.0
3132,0.0,0.0,0.0
3133,0.0,0.0,0.0
3135,0.0,0.0,0.0
3136,0.0,0.0,0.0
3137,0.0,0.0,0.0
3138,0.0,0.0,0.0
3139,0.0,0.0,0.0
3140,0.0,0.0,0.0
3142,0.0,0.0,0.0
3128,0.0,0.0,0.0
3143,0.0,0.0,0.0
3144,0.0,0.0,0.0
3145,0.0,0.0,0.0
3146,0.0,0.0,0.0
3147,0.0,0.0,0.0
3148,0.0,0.0,0.0
3149,0.0,0.0,0.0
3150,0.0,0.0,0.0
3152,0.0,0.0,0.0
3153,0.0,0.0,0.0
3129,0.0,0.0,0.0
3127,0.0,0.0,0.0
3156,0.0,0.0,0.0
3113,0.0,0.0,0.0
3095,0.0,0.0,0.0
3101,0.0,0.0,0.0
3102,0.0,0.0,0.0
3104,0.0,0.0,0.0
3105,0.0,0.0,0.0
3107,0.0,0.0,0.0
3108,0.0,0.0,0.0
3109,0.0,0.0,0.0
3110,0.0,0.0,0.0
3112,0.0,0.0,0.0
3114,0.0,0.0,0.0
3126,0.0,0.0,0.0
3115,0.0,0.0,0.0
3116,0.0,0.0,0.0
3117,0.0,0.0,0.0
3118,0.0,0.0,0.0
3119,0.0,0.0,0.0
3120,0.0,0.0,0.0
3121,0.0,0.0,0.0
3122,0.0,0.0,0.0
3123,0.0,0.0,0.0
3125,0.0,0.0,0.0
3155,0.0,0.0,0.0
3158,0.0,0.0,0.0
3230,0.0,0.0,0.0
3208,0.0,0.0,0.0
3197,0.0,0.0,0.0
3198,0.0,0.0,0.0
3199,0.0,0.0,0.0
3200,0.0,0.0,0.0
3201,0.0,0.0,0.0
3203,0.0,0.0,0.0
3204,0.0,0.0,0.0
3205,0.0,0.0,0.0
3206,0.0,0.0,0.0
3207,0.0,0.0,0.0
3214,0.0,0.0,0.0
3195,0.0,0.0,0.0
3215,0.0,0.0,0.0
3216,0.0,0.0,0.0
3220,0.0,0.0,0.0
3221,0.0,0.0,0.0
3222,0.0,0.0,0.0
3223,0.0,0.0,0.0
3224,0.0,0.0,0.0
3225,0.0,0.0,0.0
3227,0.0,0.0,0.0
3228,0.0,0.0,0.0
3196,0.0,0.0,0.0
3194,0.0,0.0,0.0
3161,0.0,0.0,0.0
3177,0.0,0.0,0.0
3162,0.0,0.0,0.0
3166,0.0,0.0,0.0
3168,0.0,0.0,0.0
3169,0.0,0.0,0.0
3170,0.0,0.0,0.0
3172,0.0,0.0,0.0
3173,0.0,0.0,0.0
3174,0.0,0.0,0.0
3175,0.0,0.0,0.0
3176,0.0,0.0,0.0
3178,0.0,0.0,0.0
3193,0.0,0.0,0.0
3179,0.0,0.0,0.0
3183,0.0,0.0,0.0
3184,0.0,0.0,0.0
3185,0.0,0.0,0.0
3186,0.0,0.0,0.0
3188,0.0,0.0,0.0
3189,0.0,0.0,0.0
3190,0.0,0.0,0.0
3191,0.0,0.0,0.0
3192,0.0,0.0,0.0
3093,0.0,0.0,0.0
3092,0.0,0.0,0.0
3090,0.0,0.0,0.0
3010,0.0,0.0,0.0
2995,0.0,0.0,0.0
2997,0.0,0.0,0.0
2998,0.0,0.0,0.0
3001,0.0,0.0,0.0
3002,0.0,0.0,0.0
3003,0.0,0.0,0.0
3004,0.0,0.0,0.0
3005,0.0,0.0,0.0
3007,0.0,0.0,0.0
3008,0.0,0.0,0.0
3011,0.0,0.0,0.0
2993,0.0,0.0,0.0
3012,0.0,0.0,0.0
3013,0.0,0.0,0.0
3014,0.0,0.0,0.0
3015,0.0,0.0,0.0
3016,0.0,0.0,0.0
3017,0.0,0.0,0.0
3018,0.0,0.0,0.0
3019,0.0,0.0,0.0
3020,0.0,0.0,0.0
3021,0.0,0.0,0.0
2994,0.0,0.0,0.0
2992,0.0,0.0,0.0
3089,0.0,0.0,0.0
2978,0.0,0.0,0.0
2960,0.0,0.0,0.0
2961,0.0,0.0,0.0
2963,0.0,0.0,0.0
2964,0.0,0.0,0.0
2965,0.0,0.0,0.0
2967,0.0,0.0,0.0
2969,0.0,0.0,0.0
2971,0.0,0.0,0.0
2972,0.0,0.0,0.0
2974,0.0,0.0,0.0
2979,0.0,0.0,0.0
2991,0.0,0.0,0.0
2980,0.0,0.0,0.0
2981,0.0,0.0,0.0
2982,0.0,0.0,0.0
2983,0.0,0.0,0.0
2984,0.0,0.0,0.0
2986,0.0,0.0,0.0
2987,0.0,0.0,0.0
2988,0.0,0.0,0.0
2989,0.0,0.0,0.0
2990,0.0,0.0,0.0
3022,0.0,0.0,0.0
3023,0.0,0.0,0.0
3024,0.0,0.0,0.0
3075,0.0,0.0,0.0
3060,0.0,0.0,0.0
3061,0.0,0.0,0.0
3062,0.0,0.0,0.0
3063,0.0,0.0,0.0
3064,0.0,0.0,0.0
3065,0.0,0.0,0.0
3066,0.0,0.0,0.0
3067,0.0,0.0,0.0
3069,0.0,0.0,0.0
3074,0.0,0.0,0.0
3077,0.0,0.0,0.0
3025,0.0,0.0,0.0
3078,0.0,0.0,0.0
3079,0.0,0.0,0.0
3080,0.0,0.0,0.0
3082,0.0,0.0,0.0
3083,0.0,0.0,0.0
3084,0.0,0.0,0.0
3085,0.0,0.0,0.0
3086,0.0,0.0,0.0
3087,0.0,0.0,0.0
3088,0.0,0.0,0.0
3059,0.0,0.0,0.0
3058,0.0,0.0,0.0
3057,0.0,0.0,0.0
3056,0.0,0.0,0.0
3027,0.0,0.0,0.0
3028,0.0,0.0,0.0
3030,0.0,0.0,0.0
3031,0.0,0.0,0.0
3032,0.0,0.0,0.0
3034,0.0,0.0,0.0
3035,0.0,0.0,0.0
3037,0.0,0.0,0.0
3038,0.0,0.0,0.0
3040,0.0,0.0,0.0
3041,0.0,0.0,0.0
3042,0.0,0.0,0.0
3044,0.0,0.0,0.0
3045,0.0,0.0,0.0
3047,0.0,0.0,0.0
3048,0.0,0.0,0.0
3049,0.0,0.0,0.0
3051,0.0,0.0,0.0
3052,0.0,0.0,0.0
3054,0.0,0.0,0.0
3055,0.0,0.0,0.0
3229,0.0,0.0,0.0
3231,0.0,0.0,0.0
3519,0.0,0.0,0.0
3422,0.0,0.0,0.0
3410,0.0,0.0,0.0
3411,0.0,0.0,0.0
3412,0.0,0.0,0.0
3413,0.0,0.0,0.0
3414,0.0,0.0,0.0
3416,0.0,0.0,0.0
3417,0.0,0.0,0.0
3418,0.0,0.0,0.0
3420,0.0,0.0,0.0
3421,0.0,0.0,0.0
3427,0.0,0.0,0.0
3408,0.0,0.0,0.0
3428,0.0,0.0,0.0
3429,0.0,0.0,0.0
3431,0.0,0.0,0.0
3432,0.0,0.0,0.0
3433,0.0,0.0,0.0
3435,0.0,0.0,0.0
3436,0.0,0.0,0.0
3437,0.0,0.0,0.0
3440,0.0,0.0,0.0
3442,0.0,0.0,0.0
3409,0.0,0.0,0.0
3406,0.0,0.0,0.0
3445,0.0,0.0,0.0
3386,0.0,0.0,0.0
3374,0.0,0.0,0.0
3375,0.0,0.0,0.0
3376,0.0,0.0,0.0
3377,0.0,0.0,0.0
3379,0.0,0.0,0.0
3380,0.0,0.0,0.0
3381,0.0,0.0,0.0
3382,0.0,0.0,0.0
3383,0.0,0.0,0.0
3385,0.0,0.0,0.0
3389,0.0,0.0,0.0
3405,0.0,0.0,0.0
3390,0.0,0.0,0.0
3391,0.0,0.0,0.0
3392,0.0,0.0,0.0
3394,0.0,0.0,0.0
3397,0.0,0.0,0.0
3398,0.0,0.0,0.0
3399,0.0,0.0,0.0
3400,0.0,0.0,0.0
3401,0.0,0.0,0.0
3403,0.0,0.0,0.0
3443,0.0,0.0,0.0
3447,0.0,0.0,0.0
3232,0.0,0.0,0.0
3503,0.0,0.0,0.0
3489,0.0,0.0,0.0
3490,0.0,0.0,0.0
3491,0.0,0.0,0.0
3492,0.0,0.0,0.0
3496,0.0,0.0,0.0
3497,0.0,0.0,0.0
3498,0.0,0.0,0.0
3499,0.0,0.0,0.0
3501,0.0,0.0,0.0
3502,0.0,0.0,0.0
3504,0.0,0.0,0.0
3484,0.0,0.0,0.0
3505,0.0,0.0,0.0
3508,0.0,0.0,0.0
3509,0.0,0.0,0.0
3510,0.0,0.0,0.0
3512,0.0,0.0,0.0
3513,0.0,0.0,0.0
3514,0.0,0.0,0.0
3516,0.0,0.0,0.0
3517,0.0,0.0,0.0
3518,0.0,0.0,0.0
3485,0.0,0.0,0.0
3483,0.0,0.0,0.0
3449,0.0,0.0,0.0
3467,0.0,0.0,0.0
3450,0.0,0.0,0.0
3454,0.0,0.0,0.0
3455,0.0,0.0,0.0
3457,0.0,0.0,0.0
3458,0.0,0.0,0.0
3459,0.0,0.0,0.0
3461,0.0,0.0,0.0
3463,0.0,0.0,0.0
3464,0.0,0.0,0.0
3465,0.0,0.0,0.0
3468,0.0,0.0,0.0
3482,0.0,0.0,0.0
3470,0.0,0.0,0.0
3471,0.0,0.0,0.0
3472,0.0,0.0,0.0
3475,0.0,0.0,0.0
3476,0.0,0.0,0.0
3477,0.0,0.0,0.0
3478,0.0,0.0,0.0
3479,0.0,0.0,0.0
3480,0.0,0.0,0.0
3481,0.0,0.0,0.0
3373,0.0,0.0,0.0
3372,0.0,0.0,0.0
3371,0.0,0.0,0.0
3287,0.0,0.0,0.0
3275,0.0,0.0,0.0
3276,0.0,0.0,0.0
3277,0.0,0.0,0.0
3278,0.0,0.0,0.0
3279,0.0,0.0,0.0
3280,0.0,0.0,0.0
3281,0.0,0.0,0.0
3282,0.0,0.0,0.0
3284,0.0,0.0,0.0
3286,0.0,0.0,0.0
3289,0.0,0.0,0.0
3273,0.0,0.0,0.0
3290,0.0,0.0,0.0
3295,0.0,0.0,0.0
3296,0.0,0.0,0.0
3298,0.0,0.0,0.0
3299,0.0,0.0,0.0
3300,0.0,0.0,0.0
3301,0.0,0.0,0.0
3304,0.0,0.0,0.0
3306,0.0,0.0,0.0
3307,0.0,0.0,0.0
3274,0.0,0.0,0.0
3272,0.0,0.0,0.0
3370,0.0,0.0,0.0
3249,0.0,0.0,0.0
3233,0.0,0.0,0.0
3234,0.0,0.0,0.0
3235,0.0,0.0,0.0
3236,0.0,0.0,0.0
3237,0.0,0.0,0.0
3238,0.0,0.0,0.0
3239,0.0,0.0,0.0
3240,0.0,0.0,0.0
3244,0.0,0.0,0.0
3246,0.0,0.0,0.0
3250,0.0,0.0,0.0
3271,0.0,0.0,0.0
3251,0.0,0.0,0.0
3256,0.0,0.0,0.0
3257,0.0,0.0,0.0
3259,0.0,0.0,0.0
3260,0.0,0.0,0.0
3261,0.0,0.0,0.0
3262,0.0,0.0,0.0
3265,0.0,0.0,0.0
3266,0.0,0.0,0.0
3270,0.0,0.0,0.0
3308,0.0,0.0,0.0
3309,0.0,0.0,0.0
3310,0.0,0.0,0.0
3358,0.0,0.0,0.0
3346,0.0,0.0,0.0
3348,0.0,0.0,0.0
3349,0.0,0.0,0.0
3350,0.0,0.0,0.0
3351,0.0,0.0,0.0
3352,0.0,0.0,0.0
3353,0.0,0.0,0.0
3354,0.0,0.0,0.0
3355,0.0,0.0,0.0
3357,0.0,0.0,0.0
3359,0.0,0.0,0.0
3311,0.0,0.0,0.0
3360,0.0,0.0,0.0
3361,0.0,0.0,0.0
3362,0.0,0.0,0.0
3363,0.0,0.0,0.0
3364,0.0,0.0,0.0
3365,0.0,0.0,0.0
3366,0.0,0.0,0.0
3367,0.0,0.0,0.0
3368,0.0,0.0,0.0
3369,0.0,0.0,0.0
3345,0.0,0.0,0.0
3344,0.0,0.0,0.0
3341,0.0,0.0,0.0
3340,0.0,0.0,0.0
3312,0.0,0.0,0.0
3313,0.0,0.0,0.0
3314,0.0,0.0,0.0
3318,0.0,0.0,0.0
3319,0.0,0.0,0.0
3320,0.0,0.0,0.0
3321,0.0,0.0,0.0
3322,0.0,0.0,0.0
3323,0.0,0.0,0.0
3324,0.0,0.0,0.0
3325,0.0,0.0,0.0
3326,0.0,0.0,0.0
3328,0.0,0.0,0.0
3331,0.0,0.0,0.0
3332,0.0,0.0,0.0
3333,0.0,0.0,0.0
3335,0.0,0.0,0.0
3336,0.0,0.0,0.0
3337,0.0,0.0,0.0
3338,0.0,0.0,0.0
3339,0.0,0.0,0.0
2357,0.0,0.0,0.0
0,0.0,0.0,0.0
2355,0.0,0.0,0.0
772,0.0,0.0,0.0
755,0.0,0.0,0.0
756,0.0,0.0,0.0
757,0.0,0.0,0.0
759,0.0,0.0,0.0
762,0.0,0.0,0.0
763,0.0,0.0,0.0
764,0.0,0.0,0.0
765,0.0,0.0,0.0
766,0.0,0.0,0.0
767,0.0,0.0,0.0
771,0.0,0.0,0.0
773,0.0,0.0,0.0
716,0.0,0.0,0.0
774,0.0,0.0,0.0
779,0.0,0.0,0.0
781,0.0,0.0,0.0
782,0.0,0.0,0.0
783,0.0,0.0,0.0
785,0.0,0.0,0.0
786,0.0,0.0,0.0
788,0.0,0.0,0.0
789,0.0,0.0,0.0
791,0.0,0.0,0.0
792,0.0,0.0,0.0
754,0.0,0.0,0.0
753,0.0,0.0,0.0
751,0.0,0.0,0.0
750,0.0,0.0,0.0
718,0.0,0.0,0.0
720,0.0,0.0,0.0
722,0.0,0.0,0.0
723,0.0,0.0,0.0
725,0.0,0.0,0.0
726,0.0,0.0,0.0
728,0.0,0.0,0.0
730,0.0,0.0,0.0
731,0.0,0.0,0.0
733,0.0,0.0,0.0
734,0.0,0.0,0.0
735,0.0,0.0,0.0
737,0.0,0.0,0.0
738,0.0,0.0,0.0
739,0.0,0.0,0.0
740,0.0,0.0,0.0
741,0.0,0.0,0.0
743,0.0,0.0,0.0
744,0.0,0.0,0.0
745,0.0,0.0,0.0
747,0.0,0.0,0.0
748,0.0,0.0,0.0
749,0.0,0.0,0.0
793,0.0,0.0,0.0
794,0.0,0.0,0.0
795,0.0,0.0,0.0
838,0.0,0.0,0.0
840,0.0,0.0,0.0
841,0.0,0.0,0.0
842,0.0,0.0,0.0
843,0.0,0.0,0.0
845,0.0,0.0,0.0
846,0.0,0.0,0.0
849,0.0,0.0,0.0
851,0.0,0.0,0.0
853,0.0,0.0,0.0
854,0.0,0.0,0.0
856,0.0,0.0,0.0
858,0.0,0.0,0.0
859,0.0,0.0,0.0
860,0.0,0.0,0.0
861,0.0,0.0,0.0
863,0.0,0.0,0.0
864,0.0,0.0,0.0
865,0.0,0.0,0.0
866,0.0,0.0,0.0
868,0.0,0.0,0.0
869,0.0,0.0,0.0
870,0.0,0.0,0.0
871,0.0,0.0,0.0
839,0.0,0.0,0.0
837,0.0,0.0,0.0
797,0.0,0.0,0.0
835,0.0,0.0,0.0
800,0.0,0.0,0.0
801,0.0,0.0,0.0
802,0.0,0.0,0.0
804,0.0,0.0,0.0
805,0.0,0.0,0.0
806,0.0,0.0,0.0
807,0.0,0.0,0.0
808,0.0,0.0,0.0
809,0.0,0.0,0.0
810,0.0,0.0,0.0
811,0.0,0.0,0.0
813,0.0,0.0,0.0
815,0.0,0.0,0.0
816,0.0,0.0,0.0
817,0.0,0.0,0.0
819,0.0,0.0,0.0
820,0.0,0.0,0.0
821,0.0,0.0,0.0
823,0.0,0.0,0.0
825,0.0,0.0,0.0
826,0.0,0.0,0.0
827,0.0,0.0,0.0
829,0.0,0.0,0.0
717,0.0,0.0,0.0
715,0.0,0.0,0.0
874,0.0,0.0,0.0
617,0.0,0.0,0.0
603,0.0,0.0,0.0
604,0.0,0.0,0.0
605,0.0,0.0,0.0
608,0.0,0.0,0.0
609,0.0,0.0,0.0
610,0.0,0.0,0.0
611,0.0,0.0,0.0
612,0.0,0.0,0.0
613,0.0,0.0,0.0
615,0.0,0.0,0.0
616,0.0,0.0,0.0
618,0.0,0.0,0.0
714,0.0,0.0,0.0
619,0.0,0.0,0.0
620,0.0,0.0,0.0
622,0.0,0.0,0.0
627,0.0,0.0,0.0
628,0.0,0.0,0.0
630,0.0,0.0,0.0
631,0.0,0.0,0.0
632,0.0,0.0,0.0
635,0.0,0.0,0.0
636,0.0,0.0,0.0
637,0.0,0.0,0.0
601,0.0,0.0,0.0
599,0.0,0.0,0.0
597,0.0,0.0,0.0
594,0.0,0.0,0.0
562,0.0,0.0,0.0
563,0.0,0.0,0.0
564,0.0,0.0,0.0
565,0.0,0.0,0.0
566,0.0,0.0,0.0
568,0.0,0.0,0.0
569,0.0,0.0,0.0
571,0.0,0.0,0.0
573,0.0,0.0,0.0
574,0.0,0.0,0.0
575,0.0,0.0,0.0
577,0.0,0.0,0.0
578,0.0,0.0,0.0
579,0.0,0.0,0.0
580,0.0,0.0,0.0
581,0.0,0.0,0.0
584,0.0,0.0,0.0
586,0.0,0.0,0.0
587,0.0,0.0,0.0
588,0.0,0.0,0.0
591,0.0,0.0,0.0
592,0.0,0.0,0.0
593,0.0,0.0,0.0
639,0.0,0.0,0.0
640,0.0,0.0,0.0
641,0.0,0.0,0.0
677,0.0,0.0,0.0
679,0.0,0.0,0.0
680,0.0,0.0,0.0
681,0.0,0.0,0.0
682,0.0,0.0,0.0
683,0.0,0.0,0.0
686,0.0,0.0,0.0
687,0.0,0.0,0.0
688,0.0,0.0,0.0
689,0.0,0.0,0.0
691,0.0,0.0,0.0
692,0.0,0.0,0.0
693,0.0,0.0,0.0
694,0.0,0.0,0.0
699,0.0,0.0,0.0
701,0.0,0.0,0.0
702,0.0,0.0,0.0
705,0.0,0.0,0.0
706,0.0,0.0,0.0
707,0.0,0.0,0.0
709,0.0,0.0,0.0
710,0.0,0.0,0.0
711,0.0,0.0,0.0
712,0.0,0.0,0.0
678,0.0,0.0,0.0
676,0.0,0.0,0.0
644,0.0,0.0,0.0
673,0.0,0.0,0.0
646,0.0,0.0,0.0
647,0.0,0.0,0.0
648,0.0,0.0,0.0
649,0.0,0.0,0.0
650,0.0,0.0,0.0
652,0.0,0.0,0.0
654,0.0,0.0,0.0
655,0.0,0.0,0.0
656,0.0,0.0,0.0
657,0.0,0.0,0.0
658,0.0,0.0,0.0
660,0.0,0.0,0.0
661,0.0,0.0,0.0
662,0.0,0.0,0.0
663,0.0,0.0,0.0
664,0.0,0.0,0.0
665,0.0,0.0,0.0
666,0.0,0.0,0.0
667,0.0,0.0,0.0
668,0.0,0.0,0.0
669,0.0,0.0,0.0
670,0.0,0.0,0.0
671,0.0,0.0,0.0
873,0.0,0.0,0.0
875,0.0,0.0,0.0
2354,0.0,0.0,0.0
1073,0.0,0.0,0.0
1056,0.0,0.0,0.0
1060,0.0,0.0,0.0
1062,0.0,0.0,0.0
1064,0.0,0.0,0.0
1065,0.0,0.0,0.0
1066,0.0,0.0,0.0
1067,0.0,0.0,0.0
1068,0.0,0.0,0.0
1070,0.0,0.0,0.0
1071,0.0,0.0,0.0
1072,0.0,0.0,0.0
1074,0.0,0.0,0.0
1019,0.0,0.0,0.0
1076,0.0,0.0,0.0
1077,0.0,0.0,0.0
1078,0.0,0.0,0.0
1080,0.0,0.0,0.0
1081,0.0,0.0,0.0
1082,0.0,0.0,0.0
1083,0.0,0.0,0.0
1086,0.0,0.0,0.0
1087,0.0,0.0,0.0
1089,0.0,0.0,0.0
1090,0.0,0.0,0.0
1055,0.0,0.0,0.0
1054,0.0,0.0,0.0
1052,0.0,0.0,0.0
1050,0.0,0.0,0.0
1022,0.0,0.0,0.0
1023,0.0,0.0,0.0
1025,0.0,0.0,0.0
1026,0.0,0.0,0.0
1027,0.0,0.0,0.0
1028,0.0,0.0,0.0
1029,0.0,0.0,0.0
1030,0.0,0.0,0.0
1031,0.0,0.0,0.0
1033,0.0,0.0,0.0
1034,0.0,0.0,0.0
1035,0.0,0.0,0.0
1036,0.0,0.0,0.0
1037,0.0,0.0,0.0
1038,0.0,0.0,0.0
1040,0.0,0.0,0.0
1041,0.0,0.0,0.0
1042,0.0,0.0,0.0
1043,0.0,0.0,0.0
1044,0.0,0.0,0.0
1045,0.0,0.0,0.0
1047,0.0,0.0,0.0
1048,0.0,0.0,0.0
1091,0.0,0.0,0.0
1092,0.0,0.0,0.0
1094,0.0,0.0,0.0
1130,0.0,0.0,0.0
1133,0.0,0.0,0.0
1136,0.0,0.0,0.0
1139,0.0,0.0,0.0
1140,0.0,0.0,0.0
1141,0.0,0.0,0.0
1142,0.0,0.0,0.0
1143,0.0,0.0,0.0
1144,0.0,0.0,0.0
1145,0.0,0.0,0.0
1146,0.0,0.0,0.0
1147,0.0,0.0,0.0
1148,0.0,0.0,0.0
1151,0.0,0.0,0.0
1153,0.0,0.0,0.0
1154,0.0,0.0,0.0
1155,0.0,0.0,0.0
1156,0.0,0.0,0.0
1158,0.0,0.0,0.0
1159,0.0,0.0,0.0
1161,0.0,0.0,0.0
1163,0.0,0.0,0.0
1164,0.0,0.0,0.0
1165,0.0,0.0,0.0
1131,0.0,0.0,0.0
1129,0.0,0.0,0.0
1095,0.0,0.0,0.0
1128,0.0,0.0,0.0
1096,0.0,0.0,0.0
1097,0.0,0.0,0.0
1098,0.0,0.0,0.0
1099,0.0,0.0,0.0
1100,0.0,0.0,0.0
1103,0.0,0.0,0.0
1107,0.0,0.0,0.0
1108,0.0,0.0,0.0
1109,0.0,0.0,0.0
1110,0.0,0.0,0.0
1111,0.0,0.0,0.0
1112,0.0,0.0,0.0
1113,0.0,0.0,0.0
1116,0.0,0.0,0.0
1117,0.0,0.0,0.0
1119,0.0,0.0,0.0
1120,0.0,0.0,0.0
1121,0.0,0.0,0.0
1122,0.0,0.0,0.0
1123,0.0,0.0,0.0
1124,0.0,0.0,0.0
1125,0.0,0.0,0.0
1126,0.0,0.0,0.0
1020,0.0,0.0,0.0
1018,0.0,0.0,0.0
876,0.0,0.0,0.0
925,0.0,0.0,0.0
909,0.0,0.0,0.0
910,0.0,0.0,0.0
911,0.0,0.0,0.0
912,0.0,0.0,0.0
913,0.0,0.0,0.0
914,0.0,0.0,0.0
916,0.0,0.0,0.0
917,0.0,0.0,0.0
919,0.0,0.0,0.0
923,0.0,0.0,0.0
924,0.0,0.0,0.0
926,0.0,0.0,0.0
1017,0.0,0.0,0.0
927,0.0,0.0,0.0
928,0.0,0.0,0.0
929,0.0,0.0,0.0
931,0.0,0.0,0.0
933,0.0,0.0,0.0
934,0.0,0.0,0.0
935,0.0,0.0,0.0
936,0.0,0.0,0.0
937,0.0,0.0,0.0
939,0.0,0.0,0.0
940,0.0,0.0,0.0
908,0.0,0.0,0.0
907,0.0,0.0,0.0
906,0.0,0.0,0.0
905,0.0,0.0,0.0
878,0.0,0.0,0.0
879,0.0,0.0,0.0
880,0.0,0.0,0.0
881,0.0,0.0,0.0
882,0.0,0.0,0.0
883,0.0,0.0,0.0
884,0.0,0.0,0.0
885,0.0,0.0,0.0
888,0.0,0.0,0.0
889,0.0,0.0,0.0
890,0.0,0.0,0.0
891,0.0,0.0,0.0
892,0.0,0.0,0.0
893,0.0,0.0,0.0
894,0.0,0.0,0.0
895,0.0,0.0,0.0
897,0.0,0.0,0.0
898,0.0,0.0,0.0
899,0.0,0.0,0.0
900,0.0,0.0,0.0
901,0.0,0.0,0.0
902,0.0,0.0,0.0
903,0.0,0.0,0.0
941,0.0,0.0,0.0
942,0.0,0.0,0.0
943,0.0,0.0,0.0
981,0.0,0.0,0.0
983,0.0,0.0,0.0
985,0.0,0.0,0.0
986,0.0,0.0,0.0
987,0.0,0.0,0.0
988,0.0,0.0,0.0
991,0.0,0.0,0.0
992,0.0,0.0,0.0
994,0.0,0.0,0.0
996,0.0,0.0,0.0
997,0.0,0.0,0.0
998,0.0,0.0,0.0
999,0.0,0.0,0.0
1000,0.0,0.0,0.0
1003,0.0,0.0,0.0
1004,0.0,0.0,0.0
1005,0.0,0.0,0.0
1006,0.0,0.0,0.0
1010,0.0,0.0,0.0
1011,0.0,0.0,0.0
1012,0.0,0.0,0.0
1013,0.0,0.0,0.0
1015,0.0,0.0,0.0
1016,0.0,0.0,0.0
982,0.0,0.0,0.0
980,0.0,0.0,0.0
947,0.0,0.0,0.0
979,0.0,0.0,0.0
949,0.0,0.0,0.0
950,0.0,0.0,0.0
951,0.0,0.0,0.0
952,0.0,0.0,0.0
953,0.0,0.0,0.0
954,0.0,0.0,0.0
955,0.0,0.0,0.0
956,0.0,0.0,0.0
957,0.0,0.0,0.0
958,0.0,0.0,0.0
959,0.0,0.0,0.0
960,0.0,0.0,0.0
963,0.0,0.0,0.0
966,0.0,0.0,0.0
968,0.0,0.0,0.0
969,0.0,0.0,0.0
971,0.0,0.0,0.0
972,0.0,0.0,0.0
973,0.0,0.0,0.0
974,0.0,0.0,0.0
975,0.0,0.0,0.0
976,0.0,0.0,0.0
977,0.0,0.0,0.0
561,0.0,0.0,0.0
560,0.0,0.0,0.0
558,0.0,0.0,0.0
196,0.0,0.0,0.0
182,0.0,0.0,0.0
184,0.0,0.0,0.0
185,0.0,0.0,0.0
187,0.0,0.0,0.0
188,0.0,0.0,0.0
189,0.0,0.0,0.0
190,0.0,0.0,0.0
191,0.0,0.0,0.0
193,0.0,0.0,0.0
194,0.0,0.0,0.0
195,0.0,0.0,0.0
197,0.0,0.0,0.0
148,0.0,0.0,0.0
198,0.0,0.0,0.0
200,0.0,0.0,0.0
201,0.0,0.0,0.0
202,0.0,0.0,0.0
203,0.0,0.0,0.0
205,0.0,0.0,0.0
206,0.0,0.0,0.0
207,0.0,0.0,0.0
208,0.0,0.0,0.0
209,0.0,0.0,0.0
213,0.0,0.0,0.0
180,0.0,0.0,0.0
179,0.0,0.0,0.0
178,0.0,0.0,0.0
177,0.0,0.0,0.0
151,0.0,0.0,0.0
152,0.0,0.0,0.0
153,0.0,0.0,0.0
154,0.0,0.0,0.0
155,0.0,0.0,0.0
156,0.0,0.0,0.0
157,0.0,0.0,0.0
158,0.0,0.0,0.0
159,0.0,0.0,0.0
160,0.0,0.0,0.0
162,0.0,0.0,0.0
163,0.0,0.0,0.0
164,0.0,0.0,0.0
166,0.0,0.0,0.0
167,0.0,0.0,0.0
169,0.0,0.0,0.0
170,0.0,0.0,0.0
171,0.0,0.0,0.0
172,0.0,0.0,0.0
173,0.0,0.0,0.0
174,0.0,0.0,0.0
175,0.0,0.0,0.0
176,0.0,0.0,0.0
214,0.0,0.0,0.0
215,0.0,0.0,0.0
216,0.0,0.0,0.0
247,0.0,0.0,0.0
249,0.0,0.0,0.0
250,0.0,0.0,0.0
251,0.0,0.0,0.0
255,0.0,0.0,0.0
256,0.0,0.0,0.0
257,0.0,0.0,0.0
259,0.0,0.0,0.0
260,0.0,0.0,0.0
261,0.0,0.0,0.0
263,0.0,0.0,0.0
264,0.0,0.0,0.0
266,0.0,0.0,0.0
267,0.0,0.0,0.0
268,0.0,0.0,0.0
269,0.0,0.0,0.0
270,0.0,0.0,0.0
271,0.0,0.0,0.0
272,0.0,0.0,0.0
273,0.0,0.0,0.0
275,0.0,0.0,0.0
276,0.0,0.0,0.0
277,0.0,0.0,0.0
278,0.0,0.0,0.0
248,0.0,0.0,0.0
246,0.0,0.0,0.0
217,0.0,0.0,0.0
245,0.0,0.0,0.0
218,0.0,0.0,0.0
220,0.0,0.0,0.0
222,0.0,0.0,0.0
223,0.0,0.0,0.0
224,0.0,0.0,0.0
225,0.0,0.0,0.0
226,0.0,0.0,0.0
227,0.0,0.0,0.0
228,0.0,0.0,0.0
229,0.0,0.0,0.0
231,0.0,0.0,0.0
232,0.0,0.0,0.0
233,0.0,0.0,0.0
234,0.0,0.0,0.0
235,0.0,0.0,0.0
236,0.0,0.0,0.0
237,0.0,0.0,0.0
238,0.0,0.0,0.0
239,0.0,0.0,0.0
240,0.0,0.0,0.0
242,0.0,0.0,0.0
243,0.0,0.0,0.0
244,0.0,0.0,0.0
150,0.0,0.0,0.0
145,0.0,0.0,0.0
556,0.0,0.0,0.0
52,0.0,0.0,0.0
41,0.0,0.0,0.0
42,0.0,0.0,0.0
43,0.0,0.0,0.0
44,0.0,0.0,0.0
45,0.0,0.0,0.0
46,0.0,0.0,0.0
47,0.0,0.0,0.0
48,0.0,0.0,0.0
49,0.0,0.0,0.0
50,0.0,0.0,0.0
51,0.0,0.0,0.0
53,0.0,0.0,0.0
144,0.0,0.0,0.0
54,0.0,0.0,0.0
55,0.0,0.0,0.0
56,0.0,0.0,0.0
57,0.0,0.0,0.0
58,0.0,0.0,0.0
60,0.0,0.0,0.0
61,0.0,0.0,0.0
62,0.0,0.0,0.0
64,0.0,0.0,0.0
65,0.0,0.0,0.0
67,0.0,0.0,0.0
40,0.0,0.0,0.0
37,0.0,0.0,0.0
34,0.0,0.0,0.0
33,0.0,0.0,0.0
2,0.0,0.0,0.0
3,0.0,0.0,0.0
4,0.0,0.0,0.0
5,0.0,0.0,0.0
6,0.0,0.0,0.0
7,0.0,0.0,0.0
8,0.0,0.0,0.0
9,0.0,0.0,0.0
10,0.0,0.0,0.0
11,0.0,0.0,0.0
13,0.0,0.0,0.0
14,0.0,0.0,0.0
15,0.0,0.0,0.0
16,0.0,0.0,0.0
19,0.0,0.0,0.0
20,0.0,0.0,0.0
22,0.0,0.0,0.0
23,0.0,0.0,0.0
24,0.0,0.0,0.0
26,0.0,0.0,0.0
30,0.0,0.0,0.0
31,0.0,0.0,0.0
32,0.0,0.0,0.0
68,0.0,0.0,0.0
69,0.0,0.0,0.0
70,0.0,0.0,0.0
112,0.0,0.0,0.0
114,0.0,0.0,0.0
115,0.0,0.0,0.0
116,0.0,0.0,0.0
117,0.0,0.0,0.0
118,0.0,0.0,0.0
119,0.0,0.0,0.0
120,0.0,0.0,0.0
121,0.0,0.0,0.0
122,0.0,0.0,0.0
123,0.0,0.0,0.0
124,0.0,0.0,0.0
125,0.0,0.0,0.0
126,0.0,0.0,0.0
127,0.0,0.0,0.0
128,0.0,0.0,0.0
131,0.0,0.0,0.0
132,0.0,0.0,0.0
133,0.0,0.0,0.0
134,0.0,0.0,0.0
136,0.0,0.0,0.0
138,0.0,0.0,0.0
142,0.0,0.0,0.0
143,0.0,0.0,0.0
113,0.0,0.0,0.0
111,0.0,0.0,0.0
73,0.0,0.0,0.0
109,0.0,0.0,0.0
75,0.0,0.0,0.0
76,0.0,0.0,0.0
77,0.0,0.0,0.0
78,0.0,0.0,0.0
79,0.0,0.0,0.0
80,0.0,0.0,0.0
81,0.0,0.0,0.0
82,0.0,0.0,0.0
83,0.0,0.0,0.0
84,0.0,0.0,0.0
85,0.0,0.0,0.0
87,0.0,0.0,0.0
90,0.0,0.0,0.0
91,0.0,0.0,0.0
93,0.0,0.0,0.0
94,0.0,0.0,0.0
95,0.0,0.0,0.0
96,0.0,0.0,0.0
99,0.0,0.0,0.0
102,0.0,0.0,0.0
103,0.0,0.0,0.0
104,0.0,0.0,0.0
106,0.0,0.0,0.0
280,0.0,0.0,0.0
281,0.0,0.0,0.0
282,0.0,0.0,0.0
476,0.0,0.0,0.0
461,0.0,0.0,0.0
463,0.0,0.0,0.0
464,0.0,0.0,0.0
466,0.0,0.0,0.0
467,0.0,0.0,0.0
468,0.0,0.0,0.0
469,0.0,0.0,0.0
470,0.0,0.0,0.0
471,0.0,0.0,0.0
473,0.0,0.0,0.0
474,0.0,0.0,0.0
477,0.0,0.0,0.0
283,0.0,0.0,0.0
478,0.0,0.0,0.0
479,0.0,0.0,0.0
480,0.0,0.0,0.0
481,0.0,0.0,0.0
482,0.0,0.0,0.0
483,0.0,0.0,0.0
485,0.0,0.0,0.0
486,0.0,0.0,0.0
487,0.0,0.0,0.0
488,0.0,0.0,0.0
489,0.0,0.0,0.0
458,0.0,0.0,0.0
457,0.0,0.0,0.0
456,0.0,0.0,0.0
452,0.0,0.0,0.0
421,0.0,0.0,0.0
422,0.0,0.0,0.0
423,0.0,0.0,0.0
424,0.0,0.0,0.0
425,0.0,0.0,0.0
427,0.0,0.0,0.0
428,0.0,0.0,0.0
430,0.0,0.0,0.0
432,0.0,0.0,0.0
433,0.0,0.0,0.0
436,0.0,0.0,0.0
437,0.0,0.0,0.0
439,0.0,0.0,0.0
440,0.0,0.0,0.0
441,0.0,0.0,0.0
442,0.0,0.0,0.0
443,0.0,0.0,0.0
445,0.0,0.0,0.0
446,0.0,0.0,0.0
447,0.0,0.0,0.0
448,0.0,0.0,0.0
450,0.0,0.0,0.0
451,0.0,0.0,0.0
491,0.0,0.0,0.0
492,0.0,0.0,0.0
493,0.0,0.0,0.0
525,0.0,0.0,0.0
527,0.0,0.0,0.0
528,0.0,0.0,0.0
529,0.0,0.0,0.0
530,0.0,0.0,0.0
532,0.0,0.0,0.0
534,0.0,0.0,0.0
535,0.0,0.0,0.0
536,0.0,0.0,0.0
537,0.0,0.0,0.0
539,0.0,0.0,0.0
540,0.0,0.0,0.0
541,0.0,0.0,0.0
543,0.0,0.0,0.0
544,0.0,0.0,0.0
545,0.0,0.0,0.0
546,0.0,0.0,0.0
548,0.0,0.0,0.0
549,0.0,0.0,0.0
550,0.0,0.0,0.0
551,0.0,0.0,0.0
552,0.0,0.0,0.0
553,0.0,0.0,0.0
555,0.0,0.0,0.0
526,0.0,0.0,0.0
524,0.0,0.0,0.0
494,0.0,0.0,0.0
523,0.0,0.0,0.0
495,0.0,0.0,0.0
496,0.0,0.0,0.0
497,0.0,0.0,0.0
499,0.0,0.0,0.0
501,0.0,0.0,0.0
502,0.0,0.0,0.0
503,0.0,0.0,0.0
504,0.0,0.0,0.0
505,0.0,0.0,0.0
506,0.0,0.0,0.0
507,0.0,0.0,0.0
508,0.0,0.0,0.0
510,0.0,0.0,0.0
511,0.0,0.0,0.0
512,0.0,0.0,0.0
513,0.0,0.0,0.0
514,0.0,0.0,0.0
515,0.0,0.0,0.0
517,0.0,0.0,0.0
519,0.0,0.0,0.0
520,0.0,0.0,0.0
521,0.0,0.0,0.0
522,0.0,0.0,0.0
420,0.0,0.0,0.0
419,0.0,0.0,0.0
418,0.0,0.0,0.0
318,0.0,0.0,0.0
320,0.0,0.0,0.0
322,0.0,0.0,0.0
323,0.0,0.0,0.0
324,0.0,0.0,0.0
325,0.0,0.0,0.0
326,0.0,0.0,0.0
328,0.0,0.0,0.0
330,0.0,0.0,0.0
332,0.0,0.0,0.0
333,0.0,0.0,0.0
335,0.0,0.0,0.0
336,0.0,0.0,0.0
337,0.0,0.0,0.0
338,0.0,0.0,0.0
339,0.0,0.0,0.0
340,0.0,0.0,0.0
341,0.0,0.0,0.0
342,0.0,0.0,0.0
343,0.0,0.0,0.0
344,0.0,0.0,0.0
345,0.0,0.0,0.0
346,0.0,0.0,0.0
347,0.0,0.0,0.0
319,0.0,0.0,0.0
317,0.0,0.0,0.0
350,0.0,0.0,0.0
315,0.0,0.0,0.0
284,0.0,0.0,0.0
285,0.0,0.0,0.0
286,0.0,0.0,0.0
287,0.0,0.0,0.0
289,0.0,0.0,0.0
290,0.0,0.0,0.0
291,0.0,0.0,0.0
292,0.0,0.0,0.0
293,0.0,0.0,0.0
294,0.0,0.0,0.0
295,0.0,0.0,0.0
296,0.0,0.0,0.0
297,0.0,0.0,0.0
299,0.0,0.0,0.0
300,0.0,0.0,0.0
301,0.0,0.0,0.0
304,0.0,0.0,0.0
305,0.0,0.0,0.0
307,0.0,0.0,0.0
309,0.0,0.0,0.0
310,0.0,0.0,0.0
312,0.0,0.0,0.0
313,0.0,0.0,0.0
348,0.0,0.0,0.0
352,0.0,0.0,0.0
416,0.0,0.0,0.0
385,0.0,0.0,0.0
387,0.0,0.0,0.0
389,0.0,0.0,0.0
390,0.0,0.0,0.0
392,0.0,0.0,0.0
393,0.0,0.0,0.0
394,0.0,0.0,0.0
396,0.0,0.0,0.0
397,0.0,0.0,0.0
398,0.0,0.0,0.0
399,0.0,0.0,0.0
400,0.0,0.0,0.0
401,0.0,0.0,0.0
403,0.0,0.0,0.0
404,0.0,0.0,0.0
406,0.0,0.0,0.0
407,0.0,0.0,0.0
408,0.0,0.0,0.0
409,0.0,0.0,0.0
410,0.0,0.0,0.0
411,0.0,0.0,0.0
412,0.0,0.0,0.0
413,0.0,0.0,0.0
415,0.0,0.0,0.0
386,0.0,0.0,0.0
384,0.0,0.0,0.0
353,0.0,0.0,0.0
382,0.0,0.0,0.0
354,0.0,0.0,0.0
356,0.0,0.0,0.0
358,0.0,0.0,0.0
359,0.0,0.0,0.0
361,0.0,0.0,0.0
362,0.0,0.0,0.0
363,0.0,0.0,0.0
365,0.0,0.0,0.0
367,0.0,0.0,0.0
368,0.0,0.0,0.0
369,0.0,0.0,0.0
370,0.0,0.0,0.0
371,0.0,0.0,0.0
372,0.0,0.0,0.0
373,0.0,0.0,0.0
374,0.0,0.0,0.0
375,0.0,0.0,0.0
376,0.0,0.0,0.0
377,0.0,0.0,0.0
378,0.0,0.0,0.0
379,0.0,0.0,0.0
380,0.0,0.0,0.0
381,0.0,0.0,0.0
1166,0.0,0.0,0.0
1167,0.0,0.0,0.0
1168,0.0,0.0,0.0
1953,0.0,0.0,0.0
1933,0.0,0.0,0.0
1934,0.0,0.0,0.0
1935,0.0,0.0,0.0
1936,0.0,0.0,0.0
1937,0.0,0.0,0.0
1939,0.0,0.0,0.0
1942,0.0,0.0,0.0
1943,0.0,0.0,0.0
1944,0.0,0.0,0.0
1950,0.0,0.0,0.0
1952,0.0,0.0,0.0
1954,0.0,0.0,0.0
1900,0.0,0.0,0.0
1955,0.0,0.0,0.0
1958,0.0,0.0,0.0
1959,0.0,0.0,0.0
1960,0.0,0.0,0.0
1961,0.0,0.0,0.0
1963,0.0,0.0,0.0
1965,0.0,0.0,0.0
1968,0.0,0.0,0.0
1970,0.0,0.0,0.0
1971,0.0,0.0,0.0
1975,0.0,0.0,0.0
1932,0.0,0.0,0.0
1930,0.0,0.0,0.0
1929,0.0,0.0,0.0
1928,0.0,0.0,0.0
1902,0.0,0.0,0.0
1904,0.0,0.0,0.0
1905,0.0,0.0,0.0
1906,0.0,0.0,0.0
1907,0.0,0.0,0.0
1908,0.0,0.0,0.0
1909,0.0,0.0,0.0
1910,0.0,0.0,0.0
1912,0.0,0.0,0.0
1913,0.0,0.0,0.0
1914,0.0,0.0,0.0
1915,0.0,0.0,0.0
1916,0.0,0.0,0.0
1917,0.0,0.0,0.0
1918,0.0,0.0,0.0
1919,0.0,0.0,0.0
1920,0.0,0.0,0.0
1921,0.0,0.0,0.0
1922,0.0,0.0,0.0
1923,0.0,0.0,0.0
1924,0.0,0.0,0.0
1926,0.0,0.0,0.0
1927,0.0,0.0,0.0
1976,0.0,0.0,0.0
1977,0.0,0.0,0.0
1978,0.0,0.0,0.0
2020,0.0,0.0,0.0
2022,0.0,0.0,0.0
2024,0.0,0.0,0.0
2025,0.0,0.0,0.0
2026,0.0,0.0,0.0
2027,0.0,0.0,0.0
2028,0.0,0.0,0.0
2030,0.0,0.0,0.0
2031,0.0,0.0,0.0
2033,0.0,0.0,0.0
2034,0.0,0.0,0.0
2035,0.0,0.0,0.0
2038,0.0,0.0,0.0
2039,0.0,0.0,0.0
2040,0.0,0.0,0.0
2041,0.0,0.0,0.0
2042,0.0,0.0,0.0
2043,0.0,0.0,0.0
2044,0.0,0.0,0.0
2045,0.0,0.0,0.0
2046,0.0,0.0,0.0
1,0.0,0.0,0.0
2052,0.0,0.0,0.0
2053,0.0,0.0,0.0
2021,0.0,0.0,0.0
2019,0.0,0.0,0.0
1979,0.0,0.0,0.0
2017,0.0,0.0,0.0
1980,0.0,0.0,0.0
1981,0.0,0.0,0.0
1982,0.0,0.0,0.0
1983,0.0,0.0,0.0
1985,0.0,0.0,0.0
1986,0.0,0.0,0.0
1988,0.0,0.0,0.0
1989,0.0,0.0,0.0
1990,0.0,0.0,0.0
1992,0.0,0.0,0.0
1997,0.0,0.0,0.0
1998,0.0,0.0,0.0
2000,0.0,0.0,0.0
2002,0.0,0.0,0.0
2003,0.0,0.0,0.0
2004,0.0,0.0,0.0
2005,0.0,0.0,0.0
2008,0.0,0.0,0.0
2010,0.0,0.0,0.0
2011,0.0,0.0,0.0
2014,0.0,0.0,0.0
2015,0.0,0.0,0.0
2016,0.0,0.0,0.0
1901,0.0,0.0,0.0
1898,0.0,0.0,0.0
1762,0.0,0.0,0.0
1814,0.0,0.0,0.0
1800,0.0,0.0,0.0
1802,0.0,0.0,0.0
1803,0.0,0.0,0.0
1804,0.0,0.0,0.0
1805,0.0,0.0,0.0
1806,0.0,0.0,0.0
1808,0.0,0.0,0.0
1810,0.0,0.0,0.0
1811,0.0,0.0,0.0
1812,0.0,0.0,0.0
1813,0.0,0.0,0.0
1815,0.0,0.0,0.0
1897,0.0,0.0,0.0
1816,0.0,0.0,0.0
1817,0.0,0.0,0.0
1818,0.0,0.0,0.0
1819,0.0,0.0,0.0
1822,0.0,0.0,0.0
1823,0.0,0.0,0.0
1824,0.0,0.0,0.0
1826,0.0,0.0,0.0
1828,0.0,0.0,0.0
1829,0.0,0.0,0.0
1830,0.0,0.0,0.0
1798,0.0,0.0,0.0
1797,0.0,0.0,0.0
1795,0.0,0.0,0.0
1792,0.0,0.0,0.0
1764,0.0,0.0,0.0
1765,0.0,0.0,0.0
1766,0.0,0.0,0.0
1767,0.0,0.0,0.0
1768,0.0,0.0,0.0
1769,0.0,0.0,0.0
1771,0.0,0.0,0.0
1772,0.0,0.0,0.0
1773,0.0,0.0,0.0
1774,0.0,0.0,0.0
1775,0.0,0.0,0.0
1777,0.0,0.0,0.0
1778,0.0,0.0,0.0
1779,0.0,0.0,0.0
1780,0.0,0.0,0.0
1781,0.0,0.0,0.0
1783,0.0,0.0,0.0
1784,0.0,0.0,0.0
1785,0.0,0.0,0.0
1786,0.0,0.0,0.0
1787,0.0,0.0,0.0
1788,0.0,0.0,0.0
1791,0.0,0.0,0.0
1831,0.0,0.0,0.0
1833,0.0,0.0,0.0
1834,0.0,0.0,0.0
1868,0.0,0.0,0.0
1870,0.0,0.0,0.0
1871,0.0,0.0,0.0
1872,0.0,0.0,0.0
1873,0.0,0.0,0.0
1875,0.0,0.0,0.0
1878,0.0,0.0,0.0
1879,0.0,0.0,0.0
1880,0.0,0.0,0.0
1881,0.0,0.0,0.0
1882,0.0,0.0,0.0
1883,0.0,0.0,0.0
1884,0.0,0.0,0.0
1885,0.0,0.0,0.0
1886,0.0,0.0,0.0
1887,0.0,0.0,0.0
1888,0.0,0.0,0.0
1889,0.0,0.0,0.0
1890,0.0,0.0,0.0
1891,0.0,0.0,0.0
1892,0.0,0.0,0.0
1893,0.0,0.0,0.0
1894,0.0,0.0,0.0
1896,0.0,0.0,0.0
1869,0.0,0.0,0.0
1864,0.0,0.0,0.0
1835,0.0,0.0,0.0
1863,0.0,0.0,0.0
1836,0.0,0.0,0.0
1837,0.0,0.0,0.0
1838,0.0,0.0,0.0
1839,0.0,0.0,0.0
1840,0.0,0.0,0.0
1841,0.0,0.0,0.0
1842,0.0,0.0,0.0
1843,0.0,0.0,0.0
1844,0.0,0.0,0.0
1846,0.0,0.0,0.0
1848,0.0,0.0,0.0
1849,0.0,0.0,0.0
1851,0.0,0.0,0.0
1852,0.0,0.0,0.0
1854,0.0,0.0,0.0
1855,0.0,0.0,0.0
1856,0.0,0.0,0.0
1857,0.0,0.0,0.0
1858,0.0,0.0,0.0
1859,0.0,0.0,0.0
1860,0.0,0.0,0.0
1861,0.0,0.0,0.0
1862,0.0,0.0,0.0
2054,0.0,0.0,0.0
2055,0.0,0.0,0.0
2058,0.0,0.0,0.0
2261,0.0,0.0,0.0
2247,0.0,0.0,0.0
2248,0.0,0.0,0.0
2249,0.0,0.0,0.0
2251,0.0,0.0,0.0
2254,0.0,0.0,0.0
2255,0.0,0.0,0.0
2256,0.0,0.0,0.0
2257,0.0,0.0,0.0
2258,0.0,0.0,0.0
2259,0.0,0.0,0.0
2260,0.0,0.0,0.0
2263,0.0,0.0,0.0
2059,0.0,0.0,0.0
2264,0.0,0.0,0.0
2266,0.0,0.0,0.0
2267,0.0,0.0,0.0
2268,0.0,0.0,0.0
2270,0.0,0.0,0.0
2272,0.0,0.0,0.0
2273,0.0,0.0,0.0
2274,0.0,0.0,0.0
2276,0.0,0.0,0.0
2278,0.0,0.0,0.0
2280,0.0,0.0,0.0
2245,0.0,0.0,0.0
2244,0.0,0.0,0.0
2242,0.0,0.0,0.0
2240,0.0,0.0,0.0
2201,0.0,0.0,0.0
2203,0.0,0.0,0.0
2206,0.0,0.0,0.0
2207,0.0,0.0,0.0
2209,0.0,0.0,0.0
2211,0.0,0.0,0.0
2212,0.0,0.0,0.0
2214,0.0,0.0,0.0
2215,0.0,0.0,0.0
2216,0.0,0.0,0.0
2219,0.0,0.0,0.0
2221,0.0,0.0,0.0
2223,0.0,0.0,0.0
2224,0.0,0.0,0.0
2225,0.0,0.0,0.0
2227,0.0,0.0,0.0
2230,0.0,0.0,0.0
2231,0.0,0.0,0.0
2233,0.0,0.0,0.0
2234,0.0,0.0,0.0
2236,0.0,0.0,0.0
2237,0.0,0.0,0.0
2238,0.0,0.0,0.0
2281,0.0,0.0,0.0
2282,0.0,0.0,0.0
2284,0.0,0.0,0.0
2324,0.0,0.0,0.0
2327,0.0,0.0,0.0
2328,0.0,0.0,0.0
2329,0.0,0.0,0.0
2330,0.0,0.0,0.0
2332,0.0,0.0,0.0
2333,0.0,0.0,0.0
2334,0.0,0.0,0.0
2335,0.0,0.0,0.0
2336,0.0,0.0,0.0
2337,0.0,0.0,0.0
2338,0.0,0.0,0.0
2339,0.0,0.0,0.0
2340,0.0,0.0,0.0
2341,0.0,0.0,0.0
2342,0.0,0.0,0.0
2343,0.0,0.0,0.0
2344,0.0,0.0,0.0
2345,0.0,0.0,0.0
2346,0.0,0.0,0.0
2347,0.0,0.0,0.0
2348,0.0,0.0,0.0
2351,0.0,0.0,0.0
2353,0.0,0.0,0.0
2326,0.0,0.0,0.0
2323,0.0,0.0,0.0
2286,0.0,0.0,0.0
2322,0.0,0.0,0.0
2288,0.0,0.0,0.0
2289,0.0,0.0,0.0
2290,0.0,0.0,0.0
2291,0.0,0.0,0.0
2292,0.0,0.0,0.0
2294,0.0,0.0,0.0
2295,0.0,0.0,0.0
2298,0.0,0.0,0.0
2300,0.0,0.0,0.0
2301,0.0,0.0,0.0
2302,0.0,0.0,0.0
2303,0.0,0.0,0.0
2306,0.0,0.0,0.0
2307,0.0,0.0,0.0
2308,0.0,0.0,0.0
2309,0.0,0.0,0.0
2311,0.0,0.0,0.0
2312,0.0,0.0,0.0
2313,0.0,0.0,0.0
2316,0.0,0.0,0.0
2318,0.0,0.0,0.0
2320,0.0,0.0,0.0
2321,0.0,0.0,0.0
2200,0.0,0.0,0.0
2199,0.0,0.0,0.0
2198,0.0,0.0,0.0
2092,0.0,0.0,0.0
2095,0.0,0.0,0.0
2096,0.0,0.0,0.0
2097,0.0,0.0,0.0
2098,0.0,0.0,0.0
2099,0.0,0.0,0.0
2100,0.0,0.0,0.0
2101,0.0,0.0,0.0
2104,0.0,0.0,0.0
2105,0.0,0.0,0.0
2106,0.0,0.0,0.0
2107,0.0,0.0,0.0
2108,0.0,0.0,0.0
2110,0.0,0.0,0.0
2111,0.0,0.0,0.0
2112,0.0,0.0,0.0
2113,0.0,0.0,0.0
2114,0.0,0.0,0.0
2115,0.0,0.0,0.0
2117,0.0,0.0,0.0
2118,0.0,0.0,0.0
2119,0.0,0.0,0.0
2120,0.0,0.0,0.0
2121,0.0,0.0,0.0
2094,0.0,0.0,0.0
2091,0.0,0.0,0.0
2123,0.0,0.0,0.0
2089,0.0,0.0,0.0
2061,0.0,0.0,0.0
2063,0.0,0.0,0.0
2065,0.0,0.0,0.0
2066,0.0,0.0,0.0
2067,0.0,0.0,0.0
2068,0.0,0.0,0.0
2069,0.0,0.0,0.0
2070,0.0,0.0,0.0
2071,0.0,0.0,0.0
2072,0.0,0.0,0.0
2073,0.0,0.0,0.0
2074,0.0,0.0,0.0
2075,0.0,0.0,0.0
2076,0.0,0.0,0.0
2077,0.0,0.0,0.0
2078,0.0,0.0,0.0
2079,0.0,0.0,0.0
2080,0.0,0.0,0.0
2082,0.0,0.0,0.0
2083,0.0,0.0,0.0
2084,0.0,0.0,0.0
2086,0.0,0.0,0.0
2088,0.0,0.0,0.0
2122,0.0,0.0,0.0
2125,0.0,0.0,0.0
2196,0.0,0.0,0.0
2164,0.0,0.0,0.0
2166,0.0,0.0,0.0
2167,0.0,0.0,0.0
2169,0.0,0.0,0.0
2170,0.0,0.0,0.0
2171,0.0,0.0,0.0
2172,0.0,0.0,0.0
2173,0.0,0.0,0.0
2174,0.0,0.0,0.0
2176,0.0,0.0,0.0
2178,0.0,0.0,0.0
2179,0.0,0.0,0.0
2180,0.0,0.0,0.0
2181,0.0,0.0,0.0
2185,0.0,0.0,0.0
2186,0.0,0.0,0.0
2187,0.0,0.0,0.0
2188,0.0,0.0,0.0
2189,0.0,0.0,0.0
2190,0.0,0.0,0.0
2191,0.0,0.0,0.0
2192,0.0,0.0,0.0
2193,0.0,0.0,0.0
2195,0.0,0.0,0.0
2165,0.0,0.0,0.0
2163,0.0,0.0,0.0
2127,0.0,0.0,0.0
2161,0.0,0.0,0.0
2128,0.0,0.0,0.0
2130,0.0,0.0,0.0
2132,0.0,0.0,0.0
2133,0.0,0.0,0.0
2134,0.0,0.0,0.0
2135,0.0,0.0,0.0
2136,0.0,0.0,0.0
2138,0.0,0.0,0.0
2142,0.0,0.0,0.0
2143,0.0,0.0,0.0
2144,0.0,0.0,0.0
2147,0.0,0.0,0.0
2148,0.0,0.0,0.0
2149,0.0,0.0,0.0
2151,0.0,0.0,0.0
2153,0.0,0.0,0.0
2154,0.0,0.0,0.0
2155,0.0,0.0,0.0
2156,0.0,0.0,0.0
2157,0.0,0.0,0.0
2158,0.0,0.0,0.0
2159,0.0,0.0,0.0
2160,0.0,0.0,0.0
1763,0.0,0.0,0.0
1761,0.0,0.0,0.0
1169,0.0,0.0,0.0
1375,0.0,0.0,0.0
1358,0.0,0.0,0.0
1359,0.0,0.0,0.0
1361,0.0,0.0,0.0
1362,0.0,0.0,0.0
1363,0.0,0.0,0.0
1364,0.0,0.0,0.0
1365,0.0,0.0,0.0
1368,0.0,0.0,0.0
1370,0.0,0.0,0.0
1371,0.0,0.0,0.0
1373,0.0,0.0,0.0
1376,0.0,0.0,0.0
1318,0.0,0.0,0.0
1378,0.0,0.0,0.0
1379,0.0,0.0,0.0
1380,0.0,0.0,0.0
1381,0.0,0.0,0.0
1383,0.0,0.0,0.0
1384,0.0,0.0,0.0
1385,0.0,0.0,0.0
1386,0.0,0.0,0.0
1387,0.0,0.0,0.0
1388,0.0,0.0,0.0
1389,0.0,0.0,0.0
1356,0.0,0.0,0.0
1355,0.0,0.0,0.0
1354,0.0,0.0,0.0
1352,0.0,0.0,0.0
1320,0.0,0.0,0.0
1324,0.0,0.0,0.0
1325,0.0,0.0,0.0
1327,0.0,0.0,0.0
1328,0.0,0.0,0.0
1330,0.0,0.0,0.0
1331,0.0,0.0,0.0
1332,0.0,0.0,0.0
1333,0.0,0.0,0.0
1334,0.0,0.0,0.0
1335,0.0,0.0,0.0
1336,0.0,0.0,0.0
1337,0.0,0.0,0.0
1338,0.0,0.0,0.0
1339,0.0,0.0,0.0
1342,0.0,0.0,0.0
1345,0.0,0.0,0.0
1346,0.0,0.0,0.0
1347,0.0,0.0,0.0
1348,0.0,0.0,0.0
1349,0.0,0.0,0.0
1350,0.0,0.0,0.0
1351,0.0,0.0,0.0
1390,0.0,0.0,0.0
1392,0.0,0.0,0.0
1393,0.0,0.0,0.0
1427,0.0,0.0,0.0
1429,0.0,0.0,0.0
1430,0.0,0.0,0.0
1432,0.0,0.0,0.0
1433,0.0,0.0,0.0
1434,0.0,0.0,0.0
1435,0.0,0.0,0.0
1437,0.0,0.0,0.0
1439,0.0,0.0,0.0
1440,0.0,0.0,0.0
1441,0.0,0.0,0.0
1442,0.0,0.0,0.0
1443,0.0,0.0,0.0
1445,0.0,0.0,0.0
1446,0.0,0.0,0.0
1447,0.0,0.0,0.0
1448,0.0,0.0,0.0
1449,0.0,0.0,0.0
1450,0.0,0.0,0.0
1451,0.0,0.0,0.0
1452,0.0,0.0,0.0
1454,0.0,0.0,0.0
1456,0.0,0.0,0.0
1457,0.0,0.0,0.0
1428,0.0,0.0,0.0
1424,0.0,0.0,0.0
1395,0.0,0.0,0.0
1422,0.0,0.0,0.0
1396,0.0,0.0,0.0
1397,0.0,0.0,0.0
1398,0.0,0.0,0.0
1399,0.0,0.0,0.0
1400,0.0,0.0,0.0
1401,0.0,0.0,0.0
1402,0.0,0.0,0.0
1403,0.0,0.0,0.0
1404,0.0,0.0,0.0
1405,0.0,0.0,0.0
1407,0.0,0.0,0.0
1408,0.0,0.0,0.0
1409,0.0,0.0,0.0
1411,0.0,0.0,0.0
1412,0.0,0.0,0.0
1413,0.0,0.0,0.0
1414,0.0,0.0,0.0
1416,0.0,0.0,0.0
1417,0.0,0.0,0.0
1418,0.0,0.0,0.0
1419,0.0,0.0,0.0
1420,0.0,0.0,0.0
1421,0.0,0.0,0.0
1319,0.0,0.0,0.0
1316,0.0,0.0,0.0
1760,0.0,0.0,0.0
1225,0.0,0.0,0.0
1209,0.0,0.0,0.0
1210,0.0,0.0,0.0
1211,0.0,0.0,0.0
1212,0.0,0.0,0.0
1213,0.0,0.0,0.0
1216,0.0,0.0,0.0
1218,0.0,0.0,0.0
1219,0.0,0.0,0.0
1220,0.0,0.0,0.0
1222,0.0,0.0,0.0
1224,0.0,0.0,0.0
1226,0.0,0.0,0.0
1314,0.0,0.0,0.0
1227,0.0,0.0,0.0
1228,0.0,0.0,0.0
1229,0.0,0.0,0.0
1230,0.0,0.0,0.0
1231,0.0,0.0,0.0
1232,0.0,0.0,0.0
1233,0.0,0.0,0.0
1235,0.0,0.0,0.0
1236,0.0,0.0,0.0
1237,0.0,0.0,0.0
1239,0.0,0.0,0.0
1208,0.0,0.0,0.0
1207,0.0,0.0,0.0
1206,0.0,0.0,0.0
1205,0.0,0.0,0.0
1170,0.0,0.0,0.0
1171,0.0,0.0,0.0
1172,0.0,0.0,0.0
1173,0.0,0.0,0.0
1175,0.0,0.0,0.0
1176,0.0,0.0,0.0
1177,0.0,0.0,0.0
1178,0.0,0.0,0.0
1179,0.0,0.0,0.0
1181,0.0,0.0,0.0
1184,0.0,0.0,0.0
1185,0.0,0.0,0.0
1187,0.0,0.0,0.0
1188,0.0,0.0,0.0
1189,0.0,0.0,0.0
1190,0.0,0.0,0.0
1191,0.0,0.0,0.0
1192,0.0,0.0,0.0
1196,0.0,0.0,0.0
1197,0.0,0.0,0.0
1198,0.0,0.0,0.0
1202,0.0,0.0,0.0
1204,0.0,0.0,0.0
1240,0.0,0.0,0.0
1241,0.0,0.0,0.0
1242,0.0,0.0,0.0
1277,0.0,0.0,0.0
1280,0.0,0.0,0.0
1283,0.0,0.0,0.0
1285,0.0,0.0,0.0
1287,0.0,0.0,0.0
1288,0.0,0.0,0.0
1289,0.0,0.0,0.0
1290,0.0,0.0,0.0
1291,0.0,0.0,0.0
1292,0.0,0.0,0.0
1293,0.0,0.0,0.0
1296,0.0,0.0,0.0
1297,0.0,0.0,0.0
1298,0.0,0.0,0.0
1299,0.0,0.0,0.0
1300,0.0,0.0,0.0
1302,0.0,0.0,0.0
1303,0.0,0.0,0.0
1305,0.0,0.0,0.0
1306,0.0,0.0,0.0
1307,0.0,0.0,0.0
1308,0.0,0.0,0.0
1312,0.0,0.0,0.0
1313,0.0,0.0,0.0
1278,0.0,0.0,0.0
1276,0.0,0.0,0.0
1243,0.0,0.0,0.0
1275,0.0,0.0,0.0
1244,0.0,0.0,0.0
1245,0.0,0.0,0.0
1246,0.0,0.0,0.0
1247,0.0,0.0,0.0
1249,0.0,0.0,0.0
1250,0.0,0.0,0.0
1252,0.0,0.0,0.0
1253,0.0,0.0,0.0
1254,0.0,0.0,0.0
1255,0.0,0.0,0.0
1256,0.0,0.0,0.0
1257,0.0,0.0,0.0
1258,0.0,0.0,0.0
1260,0.0,0.0,0.0
1264,0.0,0.0,0.0
1265,0.0,0.0,0.0
1267,0.0,0.0,0.0
1268,0.0,0.0,0.0
1269,0.0,0.0,0.0
1270,0.0,0.0,0.0
1272,0.0,0.0,0.0
1273,0.0,0.0,0.0
1274,0.0,0.0,0.0
1459,0.0,0.0,0.0
1461,0.0,0.0,0.0
1463,0.0,0.0,0.0
1670,0.0,0.0,0.0
1654,0.0,0.0,0.0
1655,0.0,0.0,0.0
1656,0.0,0.0,0.0
1657,0.0,0.0,0.0
1658,0.0,0.0,0.0
1659,0.0,0.0,0.0
1660,0.0,0.0,0.0
1662,0.0,0.0,0.0
1664,0.0,0.0,0.0
1665,0.0,0.0,0.0
1666,0.0,0.0,0.0
1673,0.0,0.0,0.0
1464,0.0,0.0,0.0
1674,0.0,0.0,0.0
1675,0.0,0.0,0.0
1676,0.0,0.0,0.0
1677,0.0,0.0,0.0
1678,0.0,0.0,0.0
1679,0.0,0.0,0.0
1681,0.0,0.0,0.0
1682,0.0,0.0,0.0
1683,0.0,0.0,0.0
1684,0.0,0.0,0.0
1685,0.0,0.0,0.0
1651,0.0,0.0,0.0
1650,0.0,0.0,0.0
1649,0.0,0.0,0.0
1648,0.0,0.0,0.0
1615,0.0,0.0,0.0
1616,0.0,0.0,0.0
1618,0.0,0.0,0.0
1623,0.0,0.0,0.0
1624,0.0,0.0,0.0
1626,0.0,0.0,0.0
1627,0.0,0.0,0.0
1628,0.0,0.0,0.0
1629,0.0,0.0,0.0
1630,0.0,0.0,0.0
1631,0.0,0.0,0.0
1632,0.0,0.0,0.0
1633,0.0,0.0,0.0
1635,0.0,0.0,0.0
1636,0.0,0.0,0.0
1637,0.0,0.0,0.0
1639,0.0,0.0,0.0
1640,0.0,0.0,0.0
1641,0.0,0.0,0.0
1642,0.0,0.0,0.0
1643,0.0,0.0,0.0
1644,0.0,0.0,0.0
1647,0.0,0.0,0.0
1686,0.0,0.0,0.0
1687,0.0,0.0,0.0
1688,0.0,0.0,0.0
1727,0.0,0.0,0.0
1731,0.0,0.0,0.0
1732,0.0,0.0,0.0
1735,0.0,0.0,0.0
1736,0.0,0.0,0.0
1737,0.0,0.0,0.0
1738,0.0,0.0,0.0
1739,0.0,0.0,0.0
1741,0.0,0.0,0.0
1742,0.0,0.0,0.0
1743,0.0,0.0,0.0
1745,0.0,0.0,0.0
1746,0.0,0.0,0.0
1747,0.0,0.0,0.0
1748,0.0,0.0,0.0
1749,0.0,0.0,0.0
1751,0.0,0.0,0.0
1752,0.0,0.0,0.0
1753,0.0,0.0,0.0
1754,0.0,0.0,0.0
1755,0.0,0.0,0.0
1757,0.0,0.0,0.0
1758,0.0,0.0,0.0
1759,0.0,0.0,0.0
1729,0.0,0.0,0.0
1725,0.0,0.0,0.0
1691,0.0,0.0,0.0
1724,0.0,0.0,0.0
1692,0.0,0.0,0.0
1693,0.0,0.0,0.0
1695,0.0,0.0,0.0
1696,0.0,0.0,0.0
1697,0.0,0.0,0.0
1698,0.0,0.0,0.0
1699,0.0,0.0,0.0
1700,0.0,0.0,0.0
1701,0.0,0.0,0.0
1703,0.0,0.0,0.0
1705,0.0,0.0,0.0
1706,0.0,0.0,0.0
1707,0.0,0.0,0.0
1708,0.0,0.0,0.0
1710,0.0,0.0,0.0
1711,0.0,0.0,0.0
1712,0.0,0.0,0.0
1713,0.0,0.0,0.0
1716,0.0,0.0,0.0
1717,0.0,0.0,0.0
1720,0.0,0.0,0.0
1721,0.0,0.0,0.0
1722,0.0,0.0,0.0
1614,0.0,0.0,0.0
1612,0.0,0.0,0.0
1610,0.0,0.0,0.0
1496,0.0,0.0,0.0
1499,0.0,0.0,0.0
1500,0.0,0.0,0.0
1501,0.0,0.0,0.0
1502,0.0,0.0,0.0
1503,0.0,0.0,0.0
1504,0.0,0.0,0.0
1506,0.0,0.0,0.0
1508,0.0,0.0,0.0
1509,0.0,0.0,0.0
1511,0.0,0.0,0.0
1513,0.0,0.0,0.0
1515,0.0,0.0,0.0
1516,0.0,0.0,0.0
1517,0.0,0.0,0.0
1518,0.0,0.0,0.0
1519,0.0,0.0,0.0
1521,0.0,0.0,0.0
1522,0.0,0.0,0.0
1523,0.0,0.0,0.0
1524,0.0,0.0,0.0
1525,0.0,0.0,0.0
1527,0.0,0.0,0.0
1528,0.0,0.0,0.0
1498,0.0,0.0,0.0
1495,0.0,0.0,0.0
1530,0.0,0.0,0.0
1494,0.0,0.0,0.0
1465,0.0,0.0,0.0
1466,0.0,0.0,0.0
1467,0.0,0.0,0.0
1468,0.0,0.0,0.0
1469,0.0,0.0,0.0
1470,0.0,0.0,0.0
1472,0.0,0.0,0.0
1473,0.0,0.0,0.0
1474,0.0,0.0,0.0
1475,0.0,0.0,0.0
1477,0.0,0.0,0.0
1478,0.0,0.0,0.0
1479,0.0,0.0,0.0
1480,0.0,0.0,0.0
1481,0.0,0.0,0.0
1482,0.0,0.0,0.0
1483,0.0,0.0,0.0
1486,0.0,0.0,0.0
1487,0.0,0.0,0.0
1488,0.0,0.0,0.0
1489,0.0,0.0,0.0
1491,0.0,0.0,0.0
1492,0.0,0.0,0.0
1529,0.0,0.0,0.0
1531,0.0,0.0,0.0
1609,0.0,0.0,0.0
1570,0.0,0.0,0.0
1574,0.0,0.0,0.0
1576,0.0,0.0,0.0
1577,0.0,0.0,0.0
1578,0.0,0.0,0.0
1579,0.0,0.0,0.0
1580,0.0,0.0,0.0
1581,0.0,0.0,0.0
1584,0.0,0.0,0.0
1585,0.0,0.0,0.0
1586,0.0,0.0,0.0
1588,0.0,0.0,0.0
1590,0.0,0.0,0.0
1591,0.0,0.0,0.0
1592,0.0,0.0,0.0
1593,0.0,0.0,0.0
1594,0.0,0.0,0.0
1595,0.0,0.0,0.0
1600,0.0,0.0,0.0
1601,0.0,0.0,0.0
1603,0.0,0.0,0.0
1604,0.0,0.0,0.0
1605,0.0,0.0,0.0
1608,0.0,0.0,0.0
1572,0.0,0.0,0.0
1567,0.0,0.0,0.0
1532,0.0,0.0,0.0
1566,0.0,0.0,0.0
1534,0.0,0.0,0.0
1535,0.0,0.0,0.0
1536,0.0,0.0,0.0
1537,0.0,0.0,0.0
1538,0.0,0.0,0.0
1539,0.0,0.0,0.0
1542,0.0,0.0,0.0
1543,0.0,0.0,0.0
1544,0.0,0.0,0.0
1545,0.0,0.0,0.0
1546,0.0,0.0,0.0
1548,0.0,0.0,0.0
1549,0.0,0.0,0.0
1550,0.0,0.0,0.0
1551,0.0,0.0,0.0
1555,0.0,0.0,0.0
1556,0.0,0.0,0.0
1557,0.0,0.0,0.0
1559,0.0,0.0,0.0
1560,0.0,0.0,0.0
1562,0.0,0.0,0.0
1564,0.0,0.0,0.0
1565,0.0,0.0,0.0
2048,0.0,0.0,0.0
