sae_dim,score
3388,5.973890092688518
4095,5.599982846919451
3838,5.0071566584431215
4026,3.757176139321377
1903,3.755900865245381
2509,3.419429080795054
3474,3.1400644266148574
2513,3.108243812846192
3493,3.04836415795952
1638,3.012844636666406
168,3.005707793750661
1553,2.941010066258575
1114,2.893807593641794
254,2.8729137387649772
2009,2.8412332521036285
1446,2.824112125657233
2150,2.7479443284169247
1021,2.6769303076907938
4076,2.6591188143433935
1667,2.6582914234654
2217,2.5806348344952585
2210,2.5553600837935746
3164,2.553400652339908
1053,2.5358538035945632
3714,2.5259003584068496
3329,2.4446989663350185
2564,2.4403148986171637
3159,2.439245945586882
1623,2.3954180481549274
4078,2.383569359394693
3187,2.3067312991840256
1476,2.3019342540365604
1962,2.2673202935135093
3900,2.256941961512631
3294,2.234355541607434
3647,2.2189384094238993
2799,2.1397468684633942
1740,2.129337251949714
2438,2.1194542963132075
761,2.0935139324405423
355,2.085677875912
1957,2.0853576481365255
3285,2.045229160074212
364,2.0319701566961594
438,2.0085867959995714
3567,1.93723495617827
1634,1.9195691212075447
3670,1.917213716387239
3975,1.8989484180332445
3619,1.8975028114950023
3516,1.890179778207724
3327,1.8558766844426893
3732,1.847564619401812
3956,1.8077130540495279
1010,1.7945659556619846
2599,1.7760526213335897
3209,1.761812537723187
4028,1.7437557563007315
930,1.737684604498695
2947,1.7229680424476768
1779,1.7189288703678607
3722,1.6637336387371093
1415,1.6578989599763405
3292,1.6528477921685896
3263,1.6505073685571248
2146,1.6434204184459267
2389,1.6096263377758262
455,1.5901940164040969
465,1.588260802074822
2515,1.5615230528729729
3434,1.55660518417722
3689,1.5436700343116263
1104,1.5421539726659939
2287,1.5355546476807038
86,1.5204117656533944
3029,1.5143583541747236
3930,1.4917191255346052
1876,1.4895111552814884
2708,1.4853209043846345
1134,1.4848931097564753
140,1.4814279227753355
2467,1.4722388495817724
2243,1.469771418444628
2611,1.4604497861131278
1554,1.4594191749473255
2976,1.4544867182203556
3446,1.4357525624001
3599,1.43564032384105
329,1.4197031570765468
1343,1.4079394680295627
3245,1.4035505679844358
1951,1.39671993465558
1790,1.3720541876715102
3253,1.368089189476097
2062,1.366138522752346
1979,1.364134001570294
944,1.3609335801296738
1511,1.3577145658607412
557,1.34613613251915
1001,1.3170851972924082
3068,1.3113344220254204
901,1.3093568121872188
1009,1.3090808450496143
2365,1.3040328116032578
3099,1.2902487689283249
258,1.2662145922839745
444,1.2492135818389003
602,1.2442424103901448
746,1.2441315932062522
2875,1.2361322697438684
38,1.212901002441739
1756,1.2120973135263549
590,1.2091410270256935
2749,1.1968329410855931
879,1.1967595513663487
252,1.1803655900612309
780,1.1776488863493473
61,1.174430594451561
35,1.1693421018036831
3564,1.1400679965124265
2816,1.1332438100953253
1668,1.1208581552108985
807,1.1188115302427097
2431,1.1167812830142154
2129,1.1036174523244655
4003,1.0989564116835784
155,1.0937509400530758
1599,1.0823794139219591
519,1.0792377844606436
3249,1.0780374902101078
3283,1.0701385157701422
288,1.0656421812674437
3641,1.0565202996002967
1866,1.0551427273561116
1850,1.0546656360137987
186,1.0545245064831534
3441,1.0526779357123393
3217,1.050646982996114
2585,1.0487441869710208
2304,1.0482584771779624
531,1.0391613222378933
3490,1.0287683815452797
1714,1.0250448681293882
3383,1.018501613027501
1478,1.0158684081660916
1734,1.004083595611759
463,0.9975774467695069
2670,0.9781587202694466
1676,0.9776030244193394
2511,0.9668726009446306
2464,0.9657560286374427
39,0.9650389380596937
3668,0.9618965721790562
3419,0.9575955608903154
29,0.9536448547544897
651,0.9471446203455032
383,0.9462314140555438
2219,0.9305464479117823
852,0.9297085219876613
2500,0.9290428289591414
2145,0.9224949382998004
3267,0.9214692700660498
2441,0.9211934138784384
1138,0.9172261159510058
1353,0.9141846527664866
2923,0.9080674377973962
2998,0.9078303604343663
1453,0.9064241977940575
1760,0.9032409340259302
1174,0.8951433864019794
2808,0.8945593833730492
2865,0.8945530882863114
3550,0.8914659286759188
2920,0.8885448449375817
921,0.8847065945368506
1503,0.8711942733055392
1684,0.8705765866704586
2275,0.8668715190779253
721,0.8620328191162266
3483,0.8601493619536614
3961,0.8591829510055458
2698,0.8555908042678818
1410,0.8536570081604282
1355,0.8504379081097443
2695,0.8448764870338934
3990,0.8398511770013231
3183,0.8388248824161137
2021,0.8388106383718987
1310,0.8299197728827936
2475,0.8296711665927033
2734,0.8291123836727888
775,0.8193507014705317
1132,0.8134019033710347
3354,0.8034192799336093
3507,0.80257683931771
3728,0.7995554692352529
1040,0.7823490049590474
2205,0.7741321282470479
1491,0.7605818286569697
689,0.7596314466297837
690,0.7581125725336864
3395,0.7507959120998262
1976,0.746754067997276
2006,0.7461630422919598
331,0.7440634907218577
509,0.7403263353154854
996,0.7401799382757752
431,0.7258491505554773
306,0.7217831351752503
654,0.7193781031939319
3212,0.7044798425737129
2674,0.7023554131518744
2046,0.6972782542003053
2319,0.6955717760548926
2792,0.6888754381405462
3546,0.6865082245636969
2918,0.6782692026361385
2779,0.6781528734391089
3781,0.6746482378850945
3080,0.6722057502570971
2831,0.668041856052798
4001,0.6676619990354742
1102,0.6531885345009466
1761,0.6399999985635101
1322,0.6377627286664338
824,0.6330991651144258
2152,0.6330435009616471
1492,0.6300000037588077
159,0.6300000016420406
1797,0.6300000014988224
41,0.6299999988803228
748,0.6299999984114129
2335,0.6299999973547814
611,0.6299999965425936
294,0.6272417793465627
314,0.6262652798633784
2246,0.625154165832802
3180,0.6240118966847471
2516,0.6222978871685171
1248,0.6215241052681175
1680,0.6189813236922699
2,0.6099999974050134
1639,0.6081197622874472
3258,0.6020209123543436
4088,0.6018268297654263
2776,0.6004414314556559
320,0.5999999997443757
3920,0.598048926400334
500,0.595829477735005
3766,0.594898436201929
262,0.5929774964964312
1541,0.5899999999827554
3222,0.5899999991088237
3006,0.5878240781358809
2893,0.5866281794888534
1728,0.5796331111938148
1448,0.578742633692138
1611,0.5746660630510808
3973,0.5699999976993703
2547,0.5630585039600038
1057,0.561194627537463
2578,0.560155677588775
600,0.5591730367338971
1032,0.5549670974261471
790,0.5503668991235721
3073,0.5402413142880429
1947,0.5371595427626912
2583,0.5334010593128656
2536,0.5322475740455405
3849,0.5247538244164518
211,0.5199994891121541
459,0.5092133288175229
1777,0.5064356461360253
12,0.5036119985288
105,0.4916531661913961
4087,0.48672743423746356
2166,0.47989533866380846
634,0.4673409771376328
2232,0.46004221416139324
2845,0.4589954428585078
1195,0.45234549914654015
3452,0.451940116717384
426,0.4505261315438334
3125,0.4499360789045796
784,0.4444394974720843
2860,0.4417023713772478
2190,0.44012924065198133
812,0.43115472504682734
3106,0.428522695852487
1765,0.4259554285388304
347,0.4149647542505581
2244,0.41326220171523964
91,0.4117670359266837
513,0.4075566895840119
2103,0.4042559803991267
3832,0.4008397733842051
1504,0.39999999971871014
556,0.39706190505110006
1279,0.38500732870486104
629,0.38456584223734375
638,0.38384369358444986
976,0.37457292520575286
3363,0.37208758897760047
1563,0.3709181018792297
3173,0.36978323690676523
818,0.3686567978067016
1704,0.3620132357789608
3569,0.3507959155083695
2269,0.3448005512191996
3210,0.3446629461953525
2700,0.3405878681791201
2408,0.3316786592254356
1941,0.3294972419563147
1462,0.3289429365456458
3415,0.3223253634024553
932,0.3214263139638815
1614,0.32071536439428333
831,0.30938127258232323
2183,0.3006787157990477
2226,0.29988260541390105
4032,0.296200766909225
1234,0.2933933925713666
3308,0.2930228281427046
522,0.29215663722943924
995,0.29015420457290003
2302,0.2881809572989641
199,0.28717521323413175
435,0.28363691864534063
1105,0.28167186603009964
1377,0.2804233511244009
548,0.27999999778821716
1486,0.2728691463811865
2315,0.27247491849002325
1473,0.272302775844253
3097,0.26789950301674104
3937,0.26497661555504004
60,0.26326593741193066
3536,0.2500000014012595
677,0.2455837937891643
1111,0.24131630487376501
3091,0.2411510941174999
3218,0.23659388942627957
2919,0.22954816936157163
3085,0.22801322135287425
1076,0.22546158624506218
3521,0.22404339696963987
3174,0.22023164287064184
2380,0.22017859845029394
643,0.2192813865978963
1315,0.21620583228796217
1179,0.2102590097114048
2646,0.2091384224763459
2548,0.2080200003780177
2717,0.20691485719379302
3996,0.20638411495048956
2378,0.20331953631296354
1487,0.20267357355203597
676,0.19445361078740053
397,0.1924435515137482
3229,0.19177524342523672
2935,0.19055272381576668
855,0.1883526800551687
4030,0.1857267540143285
28,0.18537353821300898
3241,0.18345029563776052
2902,0.18035507431305853
897,0.1781346662870527
544,0.17465720091790624
988,0.17420360014117361
1568,0.17144987880799062
3701,0.17041702401328923
1820,0.1699999992916751
705,0.16935189238785933
3400,0.16161389284256256
2685,0.16136608968837007
1460,0.15825338779134376
2433,0.14950354392997559
3796,0.1484004644489188
457,0.1464004531226633
3595,0.14620597469474952
1464,0.14000000086901326
593,0.13929701701402075
485,0.13923745362590076
3316,0.1389972862963392
1890,0.13565680782559578
4084,0.13424059520943105
2851,0.13409957890613125
2364,0.1282025532171457
2533,0.12809503881370835
3119,0.12629147359945211
2574,0.12000000223429703
2827,0.12000000118761896
2665,0.12000000083218453
3268,0.12000000069661416
3188,0.12000000057033099
3445,0.11999999958706326
3480,0.1199999992811486
1336,0.11999999919811806
3863,0.11999999854142306
1493,0.11956990196476633
562,0.11939153918304264
1964,0.11744959399657866
3067,0.11408016243053755
344,0.11009081746899728
3884,0.11000000045225003
3325,0.1099999993201824
1136,0.10953372560234527
3122,0.10442186757090019
3252,0.10440237711319283
1447,0.10420902284174095
230,0.10250177855939459
3484,0.10234797813051623
4089,0.10049699769465217
403,0.1000924676457791
1928,0.1000000007918333
3556,0.10000000027734844
2741,0.09999999932108389
1276,0.09999999816920965
3616,0.09988565790091504
1948,0.09965101663568618
2807,0.09887925226958844
1059,0.0946350237586982
933,0.09356743457017273
1141,0.09354947517992596
2473,0.09217597290961813
3555,0.09153507381536363
1972,0.09150758158299636
1730,0.0908160709623162
844,0.0906913863610266
1906,0.09056115158003594
712,0.08940653819131583
89,0.08940472806974316
4077,0.0891061001830738
2946,0.08842841676428762
2109,0.0871034086750644
2171,0.0868707960298167
2613,0.0862642682582488
2292,0.08520868383056791
2697,0.08515648889514849
2514,0.08493857261850633
666,0.084765506084303
327,0.08467600183559135
473,0.08454996298527796
3154,0.08348018227715687
3886,0.08316093287913764
1118,0.08156908452055435
3167,0.08126552855487267
3978,0.0810841420159176
185,0.08106699973262385
3592,0.08000000034279414
3645,0.07794330267734795
2596,0.07641035656947599
165,0.07524603292820652
3038,0.07459957148695215
612,0.07338534875554949
2297,0.07297226321049784
4093,0.07247997668306422
2307,0.07044115069197372
3055,0.07018608985613772
3451,0.07000000049044171
2281,0.0700000000064504
658,0.06999999955511634
3096,0.06803441582011155
1987,0.06731464239347068
893,0.06528359999645325
1372,0.06460410623810192
498,0.06413488986614048
2924,0.0630002122389801
476,0.062240793163546256
46,0.060618590746188875
1370,0.06000000126089226
2931,0.060000000738263636
208,0.06000000036964778
3348,0.060000000272949626
59,0.06000000001504655
1268,0.0599999999878349
2610,0.05999999993433777
791,0.05999999972363849
3234,0.05999999950740882
958,0.05999999939429846
1935,0.059999999302411504
731,0.05999999917172077
398,0.05999999814985801
820,0.05991710266890919
1128,0.059360945817408785
2091,0.05852195003097822
925,0.0579821052202406
1804,0.057764433676821735
2095,0.05747162677896493
1889,0.05696589284182485
3405,0.056893935091794814
188,0.056742879616666
132,0.05662145472838592
1524,0.056404354125671755
4061,0.05543167750714128
1130,0.05539003558250347
2213,0.0547578316110997
2139,0.05429952783603596
1346,0.05353952582793082
827,0.052701117862918326
1340,0.05171112694441927
851,0.05120034315287977
1857,0.049999999465316775
3465,0.04999999943619428
2485,0.04965616364447676
1725,0.04786049309038298
3779,0.04740735479911564
1732,0.046710281152470084
3111,0.046591546052559316
2584,0.0460377629606495
1313,0.04513202214893437
1285,0.04474917239299492
1203,0.04474712518114055
92,0.04324072410518652
283,0.04248659785375088
3791,0.04240697325415054
1321,0.04099058515299373
2895,0.04094427929286129
1361,0.04051473779858944
224,0.04031163685188061
3844,0.0402652164726822
313,0.04000140868565774
3551,0.04000000001485706
1451,0.03999999978042475
1038,0.03999999886501731
2910,0.03999999832463513
129,0.03998095543340108
387,0.03996546522643699
3922,0.039535774948498685
757,0.039527349301270165
436,0.03950816671781961
1776,0.038982979162348434
3565,0.038593989899149514
1974,0.03846391120014541
3692,0.03818052205424143
245,0.03789379664744924
2877,0.0377214633454334
1787,0.0375219299990136
833,0.037189747159511094
3934,0.03708333582558824
962,0.03612571861590284
137,0.035700705223315365
719,0.0356463697135501
1894,0.03492736553856377
232,0.03485928476052808
3457,0.0348273446481177
3658,0.034527259049810424
1610,0.03417111977954339
3777,0.034146409504098425
318,0.034082693809287946
3804,0.03407347891231423
1994,0.033933899212002475
636,0.033707603785545555
221,0.033671330315645044
750,0.03327079140937315
3260,0.0331594408035916
3156,0.0329456052281963
3330,0.032830488033712614
2738,0.03228549770753133
2643,0.03218462355562023
1348,0.03180749738915108
2231,0.03156519700065149
454,0.03147111105557837
3486,0.031455232967886076
850,0.031132010804219245
2455,0.03043537607438152
2048,0.030093671774970385
3763,0.03000000117858921
1218,0.02999999937788916
1369,0.029999998857022918
2669,0.029971185227194937
2268,0.029951406842135632
3545,0.029815671039163986
1252,0.029213916262049788
3455,0.028840537859676968
913,0.028806338847237184
3792,0.028462243811090405
2758,0.0284425294351287
2097,0.0283965068843656
3251,0.028374562302385664
817,0.02835916601227701
4064,0.028358888852355935
3691,0.028346299379146643
811,0.028337694423485094
3396,0.02822238485524811
4009,0.02783651810308476
1574,0.02772529390078672
1078,0.027582489857024023
1671,0.027364518596785143
1880,0.027023622986778014
1016,0.02691003143924188
1414,0.02677563300767998
1338,0.02641852071045227
3014,0.02630443811710844
204,0.026247993587443546
682,0.02611491684139257
3866,0.025824919175010022
3762,0.025452576851239816
1695,0.025434845354301263
1470,0.025347342501526482
2194,0.02531767308355105
1835,0.025238825557519398
2207,0.025234080150894882
3334,0.02510936788591015
2689,0.025038183590819746
1068,0.02479057771037417
1288,0.02472569219030935
391,0.0245062724775348
2138,0.024379542990291644
3322,0.02437136935201737
2654,0.02427462938425331
2202,0.02402265915592077
2737,0.024007912541775908
1197,0.02397973374956081
3034,0.023759857251201413
1644,0.02375275829797555
1646,0.023530784920756238
3344,0.023449965078542388
492,0.02303081129056525
3353,0.022747869355195918
1867,0.022739445967108265
537,0.02258571434663757
1729,0.02229538677318204
888,0.02207467363099958
3335,0.02189787773392101
1818,0.021697806489609263
665,0.021688018449829382
2206,0.0208846608831417
3231,0.02055773488617628
3936,0.020509558036769716
3738,0.020186462014982434
1044,0.020154701210268997
849,0.02013875417830418
1459,0.020104148463337097
1437,0.02000000093719749
640,0.02000000091872757
4010,0.020000000857972107
1542,0.02000000084711389
2542,0.020000000308920116
2290,0.020000000280916287
182,0.02000000024520986
2626,0.020000000206593517
371,0.020000000188563488
3498,0.020000000146143657
2499,0.02000000003555626
3995,0.02000000000739126
231,0.01999999992909738
2765,0.019999999893542446
3989,0.01999999987525602
3066,0.019999999855245962
1863,0.019999999845823756
1502,0.019999999669491394
1532,0.019999999649009458
1221,0.019999999580312313
1828,0.01999999957755179
4090,0.019999999515517994
1673,0.019999999513403685
3414,0.01999999940010121
3994,0.019999999319097916
2962,0.019999999264964763
1785,0.019977750317591386
2228,0.019961042759320872
806,0.019906524373193596
3095,0.019841027339805438
2537,0.01960157216967794
620,0.01955099588540174
2192,0.01946525327815693
353,0.01942358553726612
2163,0.01909946687486647
3237,0.019035526405117555
1349,0.01880284400078961
128,0.018497257205496727
730,0.018410317403766873
3783,0.018253901627949078
3669,0.018205782672438574
1085,0.017887395885830867
554,0.01787453500273656
3009,0.01782054479853499
1050,0.0177733713948391
1907,0.017667574429674874
3288,0.017431150658120422
2609,0.017349911797258196
1026,0.017259815785866054
3462,0.01725214839191337
3059,0.01721107245499427
1578,0.01715789187569667
330,0.016788839886678026
4036,0.016779996624668534
82,0.016547573570733155
692,0.016321109989622027
3295,0.01603635057738671
711,0.0158518351175545
4031,0.015847596962381905
1997,0.015731716351778974
1598,0.015701171317755294
467,0.015660392425120337
427,0.01556130958495982
1966,0.015465418403256857
462,0.01538043999113618
3940,0.01516178327192132
3332,0.015056846717458985
2817,0.014532744189259235
1084,0.014335350276669226
835,0.014335282007680665
3718,0.014326016295647946
2532,0.01426999287677472
3915,0.014248172278919407
2775,0.014247416236402249
2470,0.014217149134276401
2512,0.014185407982499058
2372,0.014179788970676527
2484,0.014178304769680183
3101,0.014156710258311576
3662,0.014146189141495425
2508,0.01411896961451867
95,0.013965542162307852
2286,0.013862352919422685
2377,0.013589679237228869
1166,0.013580374458466916
2662,0.013540848750384755
3529,0.013389435915076067
2813,0.013115379994607969
948,0.013094881025448828
210,0.012995966673914632
860,0.012853246791987648
2434,0.012691297393719126
3640,0.012383418201525907
1171,0.012335021645653706
4080,0.01228091712891842
2985,0.01219829666462259
4018,0.012156872775864868
2175,0.012119081388515569
3365,0.012110915088787417
680,0.011728039465099675
377,0.011716950809358419
113,0.011650128190142963
3352,0.011619430286140433
127,0.011508736852719423
2020,0.011355214237805372
1004,0.011327392432480316
434,0.011273124055062969
3086,0.011068233782731316
1681,0.011004453853590715
3998,0.010895303444551738
1873,0.010886582326255678
1204,0.010741187715596522
1381,0.010685659624113289
902,0.01057647454260138
2445,0.01045643808548187
626,0.010439957507924633
2131,0.01043044836969593
1784,0.010105282454827724
916,0.010000001025764206
3467,0.010000000997119524
1803,0.01000000068637117
3513,0.010000000564258434
2225,0.010000000435161565
1771,0.010000000379101542
1969,0.0100000003207918
2255,0.010000000317308801
1065,0.010000000304145966
2187,0.010000000292759284
1768,0.010000000290369395
1651,0.010000000277663228
549,0.010000000256409805
242,0.010000000244075269
3968,0.010000000199256141
3228,0.010000000198126064
3011,0.010000000179799235
3957,0.010000000174291592
2912,0.010000000168943101
2612,0.010000000157094688
4016,0.01000000014076022
1129,0.010000000131770784
1512,0.010000000130231789
1799,0.010000000081074214
2864,0.010000000076803439
2214,0.010000000039067616
1223,0.00999999997852072
4074,0.0099999999724097
1807,0.009999999964515819
1967,0.00999999996391505
744,0.009999999960846244
788,0.00999999990895417
3687,0.009999999907269925
898,0.009999999860304967
1501,0.009999999842666259
573,0.009999999803322198
321,0.009999999794042752
4046,0.009999999764412862
50,0.00999999976282863
836,0.009999999731789864
2450,0.009999999722112919
1202,0.009999999720416373
3110,0.00999999967950495
2781,0.00999999967456069
2761,0.009999999659014323
450,0.00999999964993156
222,0.009999999614675507
3430,0.009999999521752106
2075,0.009999998991290154
1699,0.009842088528334363
3911,0.009836805668977246
3236,0.009835120289018975
3685,0.009813141234806536
228,0.0097252275557709
2120,0.009714016301077062
3752,0.009459688318245877
3721,0.009250728490666785
801,0.009149510395948166
2110,0.009038014953713487
112,0.00874204517567305
2218,0.008437324799940258
892,0.008411541954497484
1570,0.008381202248367954
1214,0.008332294388746893
2701,0.008282690084684801
1536,0.008268636286693005
3186,0.007968980961156837
341,0.007920349622411756
1702,0.007810988650634168
1881,0.00772720988541035
1108,0.007542079905310612
44,0.0072474420961286205
36,0.0072256787861611025
655,0.007204107244723034
560,0.006944857005663833
2482,0.006748870719663192
3591,0.006713684012562787
3491,0.006703834795732527
961,0.006520353261296564
2234,0.006470510973742922
2164,0.006460707675643233
2456,0.006274797933718843
3789,0.0060116075555762885
3074,0.005959086604506534
2529,0.005840239328511414
838,0.005277188899353101
2483,0.005125192732307136
1715,0.00500947694451866
2089,0.004753911742187453
2830,0.004613258561485127
3207,0.004337777153178859
2449,0.004184971924215579
181,0.00410990287980711
887,0.00384126157355727
138,0.0036907798011227544
2015,0.003119035427785305
1272,0.0031009776765736153
1,0.0029495852185873733
3876,0.0027404753466778262
176,0.002593427419354773
2212,0.002567061723865321
3458,0.0024891209914495783
758,0.0023961375166769816
93,0.0023476271966937244
2035,0.002336238201997265
890,0.0021512308137951143
2161,0.00210181633336857
4002,0.002092382135832237
1449,0.0013797583202815014
3411,0.0013198858208739927
3780,0.0011988453955066986
3910,0.0008675713888312895
3472,0.0004002391020539653
135,0.0002662229054374843
80,8.911796745679768e-05
647,2.2118791512895086e-05
2604,2.2117033140420795e-05
635,2.1392477816402077e-05
986,1.997391595618181e-05
2337,7.231675702712437e-10
1989,5.660984125910318e-10
1530,5.007361758568862e-10
534,3.0578539922387904e-10
3407,2.2505097341252167e-10
797,1.8621450048605938e-10
115,1.2892784728713025e-10
1605,1.1896628127061604e-10
802,8.179315003076226e-11
6,0.0
7,0.0
8,0.0
10,0.0
13,0.0
14,0.0
16,0.0
20,0.0
23,0.0
25,0.0
26,0.0
27,0.0
31,0.0
32,0.0
33,0.0
37,0.0
40,0.0
43,0.0
45,0.0
47,0.0
48,0.0
49,0.0
52,0.0
53,0.0
55,0.0
56,0.0
62,0.0
63,0.0
64,0.0
65,0.0
69,0.0
73,0.0
75,0.0
76,0.0
77,0.0
79,0.0
81,0.0
83,0.0
85,0.0
87,0.0
88,0.0
90,0.0
94,0.0
96,0.0
97,0.0
99,0.0
100,0.0
102,0.0
103,0.0
104,0.0
106,0.0
107,0.0
108,0.0
110,0.0
114,0.0
117,0.0
118,0.0
119,0.0
120,0.0
124,0.0
126,0.0
130,0.0
131,0.0
134,0.0
136,0.0
143,0.0
144,0.0
145,0.0
146,0.0
150,0.0
151,0.0
152,0.0
153,0.0
154,0.0
157,0.0
160,0.0
162,0.0
163,0.0
164,0.0
167,0.0
170,0.0
171,0.0
172,0.0
173,0.0
174,0.0
175,0.0
177,0.0
178,0.0
179,0.0
180,0.0
187,0.0
190,0.0
191,0.0
193,0.0
194,0.0
195,0.0
196,0.0
197,0.0
198,0.0
200,0.0
202,0.0
203,0.0
206,0.0
207,0.0
214,0.0
223,0.0
227,0.0
229,0.0
233,0.0
234,0.0
235,0.0
236,0.0
237,0.0
238,0.0
240,0.0
244,0.0
249,0.0
251,0.0
255,0.0
256,0.0
257,0.0
259,0.0
261,0.0
263,0.0
264,0.0
266,0.0
268,0.0
269,0.0
270,0.0
271,0.0
273,0.0
274,0.0
275,0.0
276,0.0
277,0.0
278,0.0
279,0.0
280,0.0
282,0.0
284,0.0
287,0.0
289,0.0
290,0.0
291,0.0
292,0.0
293,0.0
296,0.0
297,0.0
300,0.0
301,0.0
305,0.0
307,0.0
309,0.0
317,0.0
319,0.0
322,0.0
323,0.0
324,0.0
326,0.0
328,0.0
332,0.0
336,0.0
337,0.0
338,0.0
339,0.0
340,0.0
342,0.0
343,0.0
348,0.0
351,0.0
352,0.0
354,0.0
356,0.0
361,0.0
363,0.0
365,0.0
366,0.0
367,0.0
368,0.0
369,0.0
370,0.0
374,0.0
375,0.0
376,0.0
378,0.0
379,0.0
380,0.0
381,0.0
384,0.0
386,0.0
390,0.0
392,0.0
393,0.0
395,0.0
399,0.0
400,0.0
404,0.0
406,0.0
407,0.0
408,0.0
409,0.0
410,0.0
412,0.0
414,0.0
417,0.0
418,0.0
421,0.0
422,0.0
423,0.0
424,0.0
425,0.0
432,0.0
433,0.0
437,0.0
440,0.0
441,0.0
443,0.0
446,0.0
447,0.0
448,0.0
449,0.0
451,0.0
452,0.0
456,0.0
458,0.0
464,0.0
466,0.0
468,0.0
469,0.0
470,0.0
477,0.0
479,0.0
480,0.0
482,0.0
483,0.0
487,0.0
488,0.0
489,0.0
493,0.0
496,0.0
499,0.0
501,0.0
502,0.0
503,0.0
504,0.0
508,0.0
511,0.0
517,0.0
520,0.0
523,0.0
525,0.0
526,0.0
527,0.0
529,0.0
530,0.0
532,0.0
533,0.0
535,0.0
540,0.0
543,0.0
545,0.0
546,0.0
547,0.0
550,0.0
555,0.0
558,0.0
563,0.0
566,0.0
567,0.0
568,0.0
569,0.0
572,0.0
574,0.0
576,0.0
577,0.0
578,0.0
582,0.0
583,0.0
584,0.0
585,0.0
586,0.0
587,0.0
588,0.0
591,0.0
592,0.0
594,0.0
598,0.0
601,0.0
603,0.0
604,0.0
605,0.0
606,0.0
609,0.0
610,0.0
613,0.0
614,0.0
615,0.0
622,0.0
623,0.0
627,0.0
628,0.0
630,0.0
631,0.0
632,0.0
641,0.0
644,0.0
648,0.0
650,0.0
656,0.0
660,0.0
661,0.0
662,0.0
663,0.0
664,0.0
667,0.0
668,0.0
669,0.0
670,0.0
671,0.0
674,0.0
683,0.0
687,0.0
688,0.0
691,0.0
693,0.0
694,0.0
697,0.0
699,0.0
701,0.0
702,0.0
706,0.0
707,0.0
709,0.0
715,0.0
716,0.0
717,0.0
718,0.0
720,0.0
722,0.0
723,0.0
726,0.0
728,0.0
729,0.0
733,0.0
734,0.0
737,0.0
741,0.0
745,0.0
747,0.0
751,0.0
753,0.0
754,0.0
755,0.0
760,0.0
762,0.0
763,0.0
764,0.0
767,0.0
769,0.0
771,0.0
772,0.0
779,0.0
786,0.0
789,0.0
793,0.0
794,0.0
795,0.0
800,0.0
805,0.0
808,0.0
813,0.0
814,0.0
815,0.0
816,0.0
819,0.0
821,0.0
826,0.0
830,0.0
834,0.0
837,0.0
839,0.0
843,0.0
845,0.0
846,0.0
848,0.0
853,0.0
854,0.0
856,0.0
859,0.0
861,0.0
863,0.0
865,0.0
866,0.0
868,0.0
870,0.0
871,0.0
875,0.0
876,0.0
878,0.0
880,0.0
882,0.0
885,0.0
889,0.0
891,0.0
894,0.0
900,0.0
903,0.0
904,0.0
906,0.0
907,0.0
910,0.0
911,0.0
914,0.0
919,0.0
929,0.0
934,0.0
935,0.0
936,0.0
937,0.0
940,0.0
941,0.0
942,0.0
947,0.0
949,0.0
951,0.0
952,0.0
953,0.0
955,0.0
956,0.0
957,0.0
960,0.0
963,0.0
968,0.0
969,0.0
971,0.0
973,0.0
975,0.0
977,0.0
979,0.0
981,0.0
983,0.0
985,0.0
989,0.0
991,0.0
997,0.0
998,0.0
999,0.0
1000,0.0
1002,0.0
1003,0.0
1006,0.0
1008,0.0
1012,0.0
1013,0.0
1020,0.0
1022,0.0
1024,0.0
1025,0.0
1027,0.0
1029,0.0
1030,0.0
1031,0.0
1033,0.0
1035,0.0
1036,0.0
1037,0.0
1039,0.0
1041,0.0
1042,0.0
1043,0.0
1045,0.0
1046,0.0
1048,0.0
1049,0.0
1052,0.0
1054,0.0
1055,0.0
1063,0.0
1066,0.0
1070,0.0
1072,0.0
1073,0.0
1075,0.0
1077,0.0
1080,0.0
1081,0.0
1082,0.0
1086,0.0
1087,0.0
1088,0.0
1089,0.0
1090,0.0
1096,0.0
1097,0.0
1099,0.0
1100,0.0
1103,0.0
1110,0.0
1112,0.0
1113,0.0
1116,0.0
1117,0.0
1119,0.0
1121,0.0
1124,0.0
1126,0.0
1135,0.0
1140,0.0
1142,0.0
1143,0.0
1144,0.0
1145,0.0
1148,0.0
1151,0.0
1152,0.0
1153,0.0
1155,0.0
1156,0.0
1157,0.0
1160,0.0
1162,0.0
1163,0.0
1165,0.0
1167,0.0
1168,0.0
1173,0.0
1175,0.0
1176,0.0
1178,0.0
1181,0.0
1184,0.0
1185,0.0
1187,0.0
1189,0.0
1191,0.0
1192,0.0
1193,0.0
1196,0.0
1198,0.0
1199,0.0
1205,0.0
1207,0.0
1208,0.0
1209,0.0
1210,0.0
1211,0.0
1212,0.0
1213,0.0
1215,0.0
1216,0.0
1220,0.0
1222,0.0
1224,0.0
1227,0.0
1228,0.0
1229,0.0
1230,0.0
1231,0.0
1232,0.0
1233,0.0
1235,0.0
1236,0.0
1237,0.0
1239,0.0
1240,0.0
1241,0.0
1244,0.0
1246,0.0
1249,0.0
1250,0.0
1251,0.0
1253,0.0
1254,0.0
1255,0.0
1256,0.0
1257,0.0
1260,0.0
1261,0.0
1264,0.0
1265,0.0
1269,0.0
1270,0.0
1273,0.0
1274,0.0
1275,0.0
1277,0.0
1278,0.0
1281,0.0
1282,0.0
1283,0.0
1284,0.0
1287,0.0
1289,0.0
1290,0.0
1291,0.0
1292,0.0
1296,0.0
1297,0.0
1299,0.0
1300,0.0
1303,0.0
1305,0.0
1306,0.0
1307,0.0
1312,0.0
1314,0.0
1316,0.0
1317,0.0
1318,0.0
1324,0.0
1325,0.0
1327,0.0
1330,0.0
1331,0.0
1332,0.0
1333,0.0
1334,0.0
1335,0.0
1337,0.0
1339,0.0
1341,0.0
1347,0.0
1350,0.0
1351,0.0
1352,0.0
1354,0.0
1358,0.0
1362,0.0
1363,0.0
1364,0.0
1368,0.0
1375,0.0
1376,0.0
1378,0.0
1382,0.0
1384,0.0
1385,0.0
1387,0.0
1388,0.0
1389,0.0
1390,0.0
1392,0.0
1394,0.0
1395,0.0
1396,0.0
1397,0.0
1399,0.0
1400,0.0
1401,0.0
1402,0.0
1403,0.0
1404,0.0
1405,0.0
1407,0.0
1408,0.0
1409,0.0
1411,0.0
1412,0.0
1413,0.0
1418,0.0
1419,0.0
1420,0.0
1421,0.0
1423,0.0
1426,0.0
1427,0.0
1428,0.0
1429,0.0
1431,0.0
1432,0.0
1433,0.0
1434,0.0
1439,0.0
1440,0.0
1441,0.0
1442,0.0
1443,0.0
1445,0.0
1450,0.0
1452,0.0
1454,0.0
1456,0.0
1457,0.0
1463,0.0
1465,0.0
1467,0.0
1469,0.0
1475,0.0
1477,0.0
1479,0.0
1481,0.0
1482,0.0
1488,0.0
1489,0.0
1494,0.0
1495,0.0
1496,0.0
1499,0.0
1505,0.0
1506,0.0
1507,0.0
1508,0.0
1509,0.0
1510,0.0
1513,0.0
1515,0.0
1517,0.0
1518,0.0
1519,0.0
1520,0.0
1521,0.0
1522,0.0
1523,0.0
1525,0.0
1527,0.0
1528,0.0
1529,0.0
1531,0.0
1533,0.0
1534,0.0
1535,0.0
1537,0.0
1538,0.0
1539,0.0
1540,0.0
1543,0.0
1544,0.0
1546,0.0
1547,0.0
1548,0.0
1550,0.0
1556,0.0
1559,0.0
1560,0.0
1562,0.0
1565,0.0
1566,0.0
1569,0.0
1572,0.0
1579,0.0
1580,0.0
1581,0.0
1584,0.0
1586,0.0
1588,0.0
1590,0.0
1591,0.0
1592,0.0
1594,0.0
1595,0.0
1600,0.0
1601,0.0
1602,0.0
1603,0.0
1604,0.0
1607,0.0
1609,0.0
1612,0.0
1613,0.0
1618,0.0
1620,0.0
1624,0.0
1625,0.0
1626,0.0
1627,0.0
1628,0.0
1629,0.0
1632,0.0
1633,0.0
1637,0.0
1641,0.0
1642,0.0
1645,0.0
1648,0.0
1652,0.0
1656,0.0
1657,0.0
1659,0.0
1660,0.0
1662,0.0
1665,0.0
1666,0.0
1674,0.0
1675,0.0
1677,0.0
1678,0.0
1679,0.0
1682,0.0
1683,0.0
1685,0.0
1686,0.0
1687,0.0
1688,0.0
1689,0.0
1697,0.0
1698,0.0
1701,0.0
1705,0.0
1706,0.0
1707,0.0
1709,0.0
1710,0.0
1711,0.0
1717,0.0
1720,0.0
1722,0.0
1727,0.0
1735,0.0
1739,0.0
1742,0.0
1743,0.0
1745,0.0
1746,0.0
1747,0.0
1748,0.0
1750,0.0
1751,0.0
1752,0.0
1753,0.0
1754,0.0
1757,0.0
1758,0.0
1759,0.0
1762,0.0
1769,0.0
1773,0.0
1774,0.0
1775,0.0
1778,0.0
1781,0.0
1783,0.0
1788,0.0
1792,0.0
1795,0.0
1796,0.0
1798,0.0
1801,0.0
1802,0.0
1806,0.0
1808,0.0
1810,0.0
1813,0.0
1814,0.0
1815,0.0
1816,0.0
1821,0.0
1823,0.0
1824,0.0
1826,0.0
1829,0.0
1830,0.0
1833,0.0
1834,0.0
1836,0.0
1837,0.0
1838,0.0
1839,0.0
1840,0.0
1842,0.0
1843,0.0
1847,0.0
1848,0.0
1849,0.0
1851,0.0
1852,0.0
1854,0.0
1860,0.0
1861,0.0
1864,0.0
1868,0.0
1869,0.0
1872,0.0
1875,0.0
1878,0.0
1879,0.0
1882,0.0
1883,0.0
1884,0.0
1885,0.0
1887,0.0
1891,0.0
1892,0.0
1893,0.0
1898,0.0
1900,0.0
1902,0.0
1904,0.0
1908,0.0
1910,0.0
1912,0.0
1913,0.0
1915,0.0
1916,0.0
1917,0.0
1919,0.0
1921,0.0
1922,0.0
1923,0.0
1924,0.0
1926,0.0
1927,0.0
1929,0.0
1931,0.0
1932,0.0
1934,0.0
1936,0.0
1938,0.0
1939,0.0
1942,0.0
1945,0.0
1950,0.0
1952,0.0
1953,0.0
1954,0.0
1955,0.0
1959,0.0
1960,0.0
1963,0.0
1965,0.0
1968,0.0
1970,0.0
1971,0.0
1973,0.0
1978,0.0
1980,0.0
1981,0.0
1982,0.0
1983,0.0
1985,0.0
1986,0.0
1988,0.0
1990,0.0
1992,0.0
1998,0.0
2002,0.0
2003,0.0
2004,0.0
2005,0.0
2008,0.0
2010,0.0
2011,0.0
2012,0.0
2016,0.0
2017,0.0
2022,0.0
2025,0.0
2027,0.0
2030,0.0
2033,0.0
2038,0.0
2040,0.0
2042,0.0
2044,0.0
2045,0.0
2047,0.0
2050,0.0
2052,0.0
2055,0.0
2065,0.0
2067,0.0
2068,0.0
2069,0.0
2072,0.0
2073,0.0
2074,0.0
2077,0.0
2078,0.0
2079,0.0
2081,0.0
2083,0.0
2084,0.0
2086,0.0
2087,0.0
2088,0.0
2090,0.0
2092,0.0
2093,0.0
2096,0.0
2098,0.0
2099,0.0
2100,0.0
2101,0.0
2102,0.0
2106,0.0
2107,0.0
2108,0.0
2118,0.0
2119,0.0
2121,0.0
2123,0.0
2124,0.0
2128,0.0
2130,0.0
2132,0.0
2136,0.0
2141,0.0
2142,0.0
2143,0.0
2144,0.0
2147,0.0
2149,0.0
2151,0.0
2153,0.0
2154,0.0
2155,0.0
2156,0.0
2158,0.0
2159,0.0
2160,0.0
2162,0.0
2165,0.0
2167,0.0
2169,0.0
2170,0.0
2172,0.0
2173,0.0
2174,0.0
2178,0.0
2180,0.0
2185,0.0
2186,0.0
2189,0.0
2191,0.0
2193,0.0
2195,0.0
2196,0.0
2198,0.0
2199,0.0
2200,0.0
2203,0.0
2209,0.0
2211,0.0
2215,0.0
2216,0.0
2220,0.0
2221,0.0
2222,0.0
2223,0.0
2224,0.0
2230,0.0
2235,0.0
2236,0.0
2237,0.0
2238,0.0
2239,0.0
2240,0.0
2242,0.0
2245,0.0
2247,0.0
2248,0.0
2249,0.0
2251,0.0
2252,0.0
2254,0.0
2256,0.0
2257,0.0
2261,0.0
2263,0.0
2265,0.0
2266,0.0
2267,0.0
2271,0.0
2273,0.0
2276,0.0
2280,0.0
2282,0.0
2283,0.0
2285,0.0
2288,0.0
2289,0.0
2291,0.0
2294,0.0
2299,0.0
2301,0.0
2306,0.0
2309,0.0
2310,0.0
2311,0.0
2313,0.0
2318,0.0
2321,0.0
2322,0.0
2323,0.0
2326,0.0
2327,0.0
2329,0.0
2333,0.0
2334,0.0
2340,0.0
2341,0.0
2343,0.0
2345,0.0
2347,0.0
2348,0.0
2351,0.0
2354,0.0
2355,0.0
2357,0.0
2358,0.0
2359,0.0
2362,0.0
2363,0.0
2367,0.0
2371,0.0
2373,0.0
2375,0.0
2376,0.0
2381,0.0
2384,0.0
2385,0.0
2386,0.0
2387,0.0
2388,0.0
2390,0.0
2393,0.0
2395,0.0
2396,0.0
2398,0.0
2399,0.0
2401,0.0
2402,0.0
2403,0.0
2404,0.0
2405,0.0
2407,0.0
2409,0.0
2410,0.0
2411,0.0
2414,0.0
2417,0.0
2420,0.0
2421,0.0
2422,0.0
2423,0.0
2424,0.0
2426,0.0
2428,0.0
2430,0.0
2432,0.0
2435,0.0
2442,0.0
2443,0.0
2451,0.0
2452,0.0
2453,0.0
2454,0.0
2458,0.0
2460,0.0
2461,0.0
2465,0.0
2469,0.0
2472,0.0
2476,0.0
2477,0.0
2480,0.0
2481,0.0
2486,0.0
2490,0.0
2491,0.0
2492,0.0
2494,0.0
2495,0.0
2498,0.0
2501,0.0
2502,0.0
2503,0.0
2504,0.0
2506,0.0
2507,0.0
2510,0.0
2519,0.0
2520,0.0
2521,0.0
2522,0.0
2527,0.0
2528,0.0
2530,0.0
2535,0.0
2538,0.0
2539,0.0
2543,0.0
2544,0.0
2546,0.0
2550,0.0
2551,0.0
2552,0.0
2553,0.0
2554,0.0
2556,0.0
2557,0.0
2559,0.0
2561,0.0
2563,0.0
2568,0.0
2570,0.0
2571,0.0
2572,0.0
2575,0.0
2579,0.0
2580,0.0
2582,0.0
2586,0.0
2590,0.0
2591,0.0
2593,0.0
2594,0.0
2595,0.0
2598,0.0
2602,0.0
2605,0.0
2608,0.0
2614,0.0
2615,0.0
2616,0.0
2617,0.0
2620,0.0
2621,0.0
2623,0.0
2627,0.0
2628,0.0
2630,0.0
2631,0.0
2632,0.0
2634,0.0
2635,0.0
2636,0.0
2637,0.0
2640,0.0
2641,0.0
2642,0.0
2644,0.0
2649,0.0
2651,0.0
2652,0.0
2653,0.0
2655,0.0
2656,0.0
2658,0.0
2661,0.0
2663,0.0
2666,0.0
2667,0.0
2668,0.0
2671,0.0
2677,0.0
2679,0.0
2680,0.0
2683,0.0
2686,0.0
2687,0.0
2688,0.0
2690,0.0
2691,0.0
2693,0.0
2694,0.0
2696,0.0
2699,0.0
2702,0.0
2706,0.0
2707,0.0
2710,0.0
2712,0.0
2713,0.0
2714,0.0
2715,0.0
2719,0.0
2722,0.0
2725,0.0
2726,0.0
2727,0.0
2729,0.0
2732,0.0
2739,0.0
2744,0.0
2745,0.0
2747,0.0
2748,0.0
2751,0.0
2752,0.0
2753,0.0
2754,0.0
2755,0.0
2756,0.0
2759,0.0
2760,0.0
2762,0.0
2764,0.0
2768,0.0
2769,0.0
2770,0.0
2773,0.0
2782,0.0
2783,0.0
2788,0.0
2791,0.0
2793,0.0
2794,0.0
2795,0.0
2797,0.0
2800,0.0
2801,0.0
2802,0.0
2803,0.0
2804,0.0
2805,0.0
2806,0.0
2809,0.0
2811,0.0
2814,0.0
2815,0.0
2818,0.0
2819,0.0
2820,0.0
2821,0.0
2823,0.0
2825,0.0
2826,0.0
2828,0.0
2829,0.0
2832,0.0
2833,0.0
2836,0.0
2839,0.0
2842,0.0
2846,0.0
2847,0.0
2848,0.0
2850,0.0
2853,0.0
2854,0.0
2855,0.0
2857,0.0
2858,0.0
2862,0.0
2863,0.0
2866,0.0
2867,0.0
2868,0.0
2869,0.0
2871,0.0
2872,0.0
2874,0.0
2878,0.0
2880,0.0
2881,0.0
2882,0.0
2883,0.0
2885,0.0
2886,0.0
2887,0.0
2888,0.0
2890,0.0
2891,0.0
2896,0.0
2898,0.0
2901,0.0
2903,0.0
2906,0.0
2908,0.0
2911,0.0
2914,0.0
2915,0.0
2916,0.0
2917,0.0
2921,0.0
2926,0.0
2927,0.0
2928,0.0
2930,0.0
2933,0.0
2934,0.0
2936,0.0
2938,0.0
2939,0.0
2940,0.0
2941,0.0
2942,0.0
2944,0.0
2945,0.0
2948,0.0
2949,0.0
2952,0.0
2954,0.0
2955,0.0
2956,0.0
2959,0.0
2960,0.0
2961,0.0
2964,0.0
2965,0.0
2968,0.0
2970,0.0
2971,0.0
2972,0.0
2974,0.0
2977,0.0
2980,0.0
2982,0.0
2983,0.0
2987,0.0
2988,0.0
2989,0.0
2990,0.0
2991,0.0
2994,0.0
2995,0.0
2996,0.0
2999,0.0
3000,0.0
3001,0.0
3003,0.0
3005,0.0
3008,0.0
3010,0.0
3012,0.0
3013,0.0
3015,0.0
3016,0.0
3017,0.0
3018,0.0
3019,0.0
3020,0.0
3021,0.0
3022,0.0
3024,0.0
3025,0.0
3027,0.0
3028,0.0
3030,0.0
3032,0.0
3040,0.0
3043,0.0
3044,0.0
3045,0.0
3047,0.0
3048,0.0
3049,0.0
3050,0.0
3051,0.0
3056,0.0
3057,0.0
3058,0.0
3061,0.0
3063,0.0
3064,0.0
3070,0.0
3077,0.0
3078,0.0
3079,0.0
3082,0.0
3083,0.0
3084,0.0
3087,0.0
3088,0.0
3089,0.0
3090,0.0
3092,0.0
3093,0.0
3100,0.0
3103,0.0
3104,0.0
3107,0.0
3109,0.0
3112,0.0
3115,0.0
3116,0.0
3117,0.0
3120,0.0
3121,0.0
3123,0.0
3124,0.0
3126,0.0
3127,0.0
3131,0.0
3133,0.0
3135,0.0
3136,0.0
3137,0.0
3138,0.0
3141,0.0
3142,0.0
3143,0.0
3145,0.0
3149,0.0
3152,0.0
3153,0.0
3158,0.0
3161,0.0
3168,0.0
3172,0.0
3175,0.0
3177,0.0
3179,0.0
3184,0.0
3185,0.0
3189,0.0
3191,0.0
3195,0.0
3196,0.0
3197,0.0
3198,0.0
3199,0.0
3202,0.0
3203,0.0
3204,0.0
3206,0.0
3214,0.0
3215,0.0
3220,0.0
3221,0.0
3224,0.0
3226,0.0
3227,0.0
3230,0.0
3232,0.0
3233,0.0
3235,0.0
3239,0.0
3240,0.0
3243,0.0
3244,0.0
3246,0.0
3250,0.0
3255,0.0
3256,0.0
3257,0.0
3261,0.0
3265,0.0
3266,0.0
3272,0.0
3274,0.0
3277,0.0
3281,0.0
3282,0.0
3284,0.0
3289,0.0
3293,0.0
3298,0.0
3299,0.0
3300,0.0
3304,0.0
3306,0.0
3307,0.0
3310,0.0
3311,0.0
3312,0.0
3315,0.0
3317,0.0
3319,0.0
3321,0.0
3323,0.0
3326,0.0
3328,0.0
3333,0.0
3336,0.0
3339,0.0
3340,0.0
3345,0.0
3346,0.0
3350,0.0
3351,0.0
3357,0.0
3358,0.0
3359,0.0
3361,0.0
3362,0.0
3367,0.0
3368,0.0
3369,0.0
3370,0.0
3372,0.0
3373,0.0
3374,0.0
3375,0.0
3379,0.0
3381,0.0
3384,0.0
3385,0.0
3386,0.0
3389,0.0
3390,0.0
3392,0.0
3406,0.0
3408,0.0
3409,0.0
3412,0.0
3418,0.0
3420,0.0
3424,0.0
3427,0.0
3428,0.0
3429,0.0
3431,0.0
3433,0.0
3436,0.0
3437,0.0
3440,0.0
3444,0.0
3447,0.0
3449,0.0
3450,0.0
3453,0.0
3454,0.0
3456,0.0
3459,0.0
3461,0.0
3468,0.0
3475,0.0
3476,0.0
3477,0.0
3482,0.0
3489,0.0
3492,0.0
3494,0.0
3496,0.0
3499,0.0
3502,0.0
3503,0.0
3504,0.0
3508,0.0
3509,0.0
3510,0.0
3511,0.0
3512,0.0
3514,0.0
3518,0.0
3522,0.0
3523,0.0
3524,0.0
3528,0.0
3530,0.0
3531,0.0
3534,0.0
3535,0.0
3537,0.0
3539,0.0
3540,0.0
3541,0.0
3542,0.0
3543,0.0
3544,0.0
3548,0.0
3554,0.0
3557,0.0
3558,0.0
3559,0.0
3561,0.0
3573,0.0
3574,0.0
3577,0.0
3579,0.0
3580,0.0
3583,0.0
3585,0.0
3587,0.0
3588,0.0
3589,0.0
3590,0.0
3593,0.0
3596,0.0
3597,0.0
3600,0.0
3601,0.0
3602,0.0
3603,0.0
3604,0.0
3605,0.0
3606,0.0
3607,0.0
3608,0.0
3609,0.0
3612,0.0
3615,0.0
3617,0.0
3618,0.0
3621,0.0
3625,0.0
3626,0.0
3627,0.0
3629,0.0
3630,0.0
3631,0.0
3637,0.0
3642,0.0
3643,0.0
3644,0.0
3646,0.0
3648,0.0
3649,0.0
3650,0.0
3651,0.0
3652,0.0
3653,0.0
3654,0.0
3660,0.0
3663,0.0
3666,0.0
3667,0.0
3671,0.0
3672,0.0
3674,0.0
3675,0.0
3678,0.0
3680,0.0
3681,0.0
3686,0.0
3688,0.0
3690,0.0
3693,0.0
3694,0.0
3695,0.0
3696,0.0
3699,0.0
3700,0.0
3703,0.0
3705,0.0
3706,0.0
3711,0.0
3715,0.0
3719,0.0
3720,0.0
3725,0.0
3729,0.0
3731,0.0
3734,0.0
3735,0.0
3737,0.0
3739,0.0
3740,0.0
3743,0.0
3744,0.0
3746,0.0
3747,0.0
3748,0.0
3753,0.0
3755,0.0
3756,0.0
3759,0.0
3761,0.0
3764,0.0
3765,0.0
3767,0.0
3768,0.0
3769,0.0
3770,0.0
3771,0.0
3772,0.0
3773,0.0
3774,0.0
3775,0.0
3776,0.0
3782,0.0
3784,0.0
3785,0.0
3787,0.0
3788,0.0
3793,0.0
3794,0.0
3795,0.0
3799,0.0
3800,0.0
3801,0.0
3805,0.0
3807,0.0
3808,0.0
3809,0.0
3813,0.0
3814,0.0
3815,0.0
3816,0.0
3818,0.0
3821,0.0
3822,0.0
3827,0.0
3828,0.0
3829,0.0
3831,0.0
3833,0.0
3835,0.0
3839,0.0
3840,0.0
3845,0.0
3846,0.0
3847,0.0
3850,0.0
3851,0.0
3852,0.0
3853,0.0
3855,0.0
3856,0.0
3858,0.0
3860,0.0
3861,0.0
3864,0.0
3865,0.0
3868,0.0
3869,0.0
3870,0.0
3871,0.0
3874,0.0
3875,0.0
3877,0.0
3878,0.0
3881,0.0
3883,0.0
3885,0.0
3887,0.0
3889,0.0
3890,0.0
3891,0.0
3892,0.0
3896,0.0
3897,0.0
3898,0.0
3899,0.0
3901,0.0
3903,0.0
3904,0.0
3905,0.0
3906,0.0
3907,0.0
3908,0.0
3909,0.0
3912,0.0
3916,0.0
3917,0.0
3919,0.0
3921,0.0
3924,0.0
3925,0.0
3926,0.0
3927,0.0
3935,0.0
3938,0.0
3939,0.0
3945,0.0
3946,0.0
3949,0.0
3951,0.0
3952,0.0
3953,0.0
3954,0.0
3960,0.0
3962,0.0
3963,0.0
3966,0.0
3967,0.0
3970,0.0
3971,0.0
3972,0.0
3974,0.0
3980,0.0
3981,0.0
3982,0.0
3985,0.0
3987,0.0
3988,0.0
3991,0.0
3992,0.0
3997,0.0
4000,0.0
4005,0.0
4007,0.0
4012,0.0
4015,0.0
4019,0.0
4020,0.0
4022,0.0
4023,0.0
4025,0.0
4027,0.0
4033,0.0
4039,0.0
4040,0.0
4042,0.0
4044,0.0
4045,0.0
4048,0.0
4049,0.0
4050,0.0
4051,0.0
4053,0.0
4054,0.0
4055,0.0
4056,0.0
4058,0.0
4059,0.0
4063,0.0
4065,0.0
4066,0.0
4068,0.0
4069,0.0
4070,0.0
4072,0.0
4082,0.0
4085,0.0
4092,0.0
4094,0.0
673,-1.009164762866277e-10
596,-1.963992202203002e-10
3932,-3.713960450291154e-10
1308,-3.7245564299404065e-10
15,-3.8396181345490277e-10
2188,-5.722021545473411e-10
1736,-1.0417946416652057e-09
3993,-1.0608393119504456e-09
2227,-0.000341866793808835
303,-0.0004987832129277669
2278,-0.0005090263180257692
2524,-0.0007464862304132103
2932,-0.0010529275966560815
524,-0.0011443656401180639
2258,-0.0012031067715371512
2157,-0.0016528146566375552
2859,-0.0017762024494811456
943,-0.002187728311780215
1897,-0.002290369100885943
3377,-0.0028674488074594317
3571,-0.0030372271248402163
1731,-0.0033097052910140614
1301,-0.0034283476651305062
559,-0.0035125793229355963
1320,-0.003535810373331993
1993,-0.003603614157034712
3834,-0.0036603563338464297
3347,-0.003905699411706592
571,-0.003971912323202229
226,-0.004158766124712876
2437,-0.0041621998024075615
1658,-0.004210193701737044
1514,-0.0044215520738653934
652,-0.004523334830421142
1056,-0.004672568349000036
373,-0.004811743096527653
681,-0.00515463605387464
515,-0.005552209253653434
494,-0.005654872678215084
2992,-0.005949905723555538
359,-0.0060180992639962206
1516,-0.006087527282496695
2415,-0.006216157615647695
1811,-0.0062344081879639425
1571,-0.006550218496271216
3485,-0.0066219438839462685
1558,-0.006623886419156109
3742,-0.006813663041850811
3704,-0.007242864933560139
1888,-0.007248722157889977
3279,-0.007363145742211315
3366,-0.00738904254899593
3581,-0.0074041830931998506
1371,-0.007421107456095791
1468,-0.007439562192887733
2913,-0.0075145930525473735
3460,-0.0079162346754119
3873,-0.007943736589610563
2339,-0.007988436715723982
1545,-0.008031958339674388
1573,-0.008208602597696785
2969,-0.008264199225215478
987,-0.008297215552403824
3102,-0.008326450322353036
1737,-0.008677890737716222
1649,-0.009223247943619504
2487,-0.009573719131807214
616,-0.00999999925577381
759,-0.009999999282208549
2270,-0.009999999388749358
2705,-0.009999999468066699
1098,-0.00999999948647061
2474,-0.009999999500830147
1663,-0.009999999503739476
1918,-0.009999999516345724
333,-0.009999999530085173
156,-0.009999999538181535
3538,-0.009999999540715988
3026,-0.00999999955053581
2370,-0.009999999558058232
3286,-0.009999999566132662
71,-0.009999999579152088
3432,-0.009999999591604221
4021,-0.009999999600783478
9,-0.009999999628372011
248,-0.00999999963914324
3036,-0.009999999645904315
1920,-0.009999999667004959
3880,-0.009999999672239825
3148,-0.009999999690873826
3730,-0.009999999691981216
3931,-0.009999999706552697
3760,-0.009999999708209048
1295,-0.00999999970931121
3712,-0.009999999709355403
1564,-0.009999999715209634
512,-0.00999999972840707
1258,-0.009999999734087342
657,-0.00999999975442096
2105,-0.009999999757263433
994,-0.009999999757840989
2852,-0.009999999760950042
2459,-0.009999999769996938
607,-0.009999999777061275
1159,-0.009999999779599167
2369,-0.009999999782399311
2967,-0.009999999791822669
3837,-0.00999999979704026
2125,-0.009999999801493565
1817,-0.009999999806778782
3867,-0.009999999808140043
2879,-0.009999999813360791
1019,-0.009999999817918418
3130,-0.009999999824837777
428,-0.009999999827271469
2457,-0.009999999840257226
3950,-0.009999999846585662
2489,-0.009999999852061509
3192,-0.009999999854930662
3716,-0.0099999998580063
2625,-0.009999999882220341
3276,-0.00999999988249224
3679,-0.009999999886018211
2951,-0.009999999893875152
552,-0.009999999895799727
3394,-0.009999999908974651
3842,-0.009999999916419285
725,-0.009999999916769205
3041,-0.009999999930805708
2336,-0.009999999934669442
1647,-0.009999999934686291
2774,-0.009999999952262044
2049,-0.009999999958661078
686,-0.009999999960924617
2379,-0.009999999967527895
1975,-0.00999999996943089
84,-0.009999999988137394
3976,-0.009999999989983603
3570,-0.00999999999209928
2342,-0.009999999993682292
3575,-0.010000000012672873
3709,-0.010000000016049433
3664,-0.010000000020840751
1549,-0.010000000021535282
401,-0.010000000025433003
2397,-0.010000000030861269
3857,-0.01000000003217898
2368,-0.010000000044199885
2328,-0.010000000044748736
2104,-0.010000000046037065
30,-0.010000000055259677
899,-0.010000000055412794
3337,-0.01000000005807599
1430,-0.010000000063068228
3841,-0.010000000085391094
474,-0.010000000093703429
225,-0.010000000097681948
3108,-0.010000000098957372
1064,-0.010000000100759973
3562,-0.01000000010149694
2876,-0.010000000107872815
3037,-0.010000000111564324
1862,-0.010000000112935732
2036,-0.010000000118041107
3426,-0.010000000120044537
218,-0.010000000120981312
3628,-0.010000000122732522
2279,-0.010000000127992695
1901,-0.01000000013068509
992,-0.010000000135140212
3803,-0.010000000137310998
1158,-0.010000000141378645
3105,-0.010000000146165828
396,-0.010000000155797486
3403,-0.01000000015701896
3879,-0.010000000166612188
1557,-0.010000000167071494
3999,-0.010000000176313941
302,-0.010000000184140032
3356,-0.010000000193679939
2577,-0.010000000196530795
1630,-0.010000000215277532
3810,-0.01000000022604478
1379,-0.010000000229885142
2061,-0.010000000240149114
2566,-0.010000000241124822
3166,-0.010000000256649376
1995,-0.010000000265139015
2633,-0.010000000265460803
1062,-0.010000000266647284
1596,-0.010000000268466225
2312,-0.01000000028031754
2391,-0.01000000028368602
2565,-0.010000000294297127
3391,-0.010000000300197476
3007,-0.010000000317993203
1011,-0.010000000357766716
1393,-0.010000000378441547
528,-0.010000000393290447
3479,-0.010000000422464173
3862,-0.010000000432537228
2772,-0.01000000044737251
1472,-0.010000000452828207
411,-0.01000000045464817
2576,-0.010000000490178915
3825,-0.010000000494728389
1484,-0.010000000530620255
2425,-0.010000000615388551
1944,-0.010000000640506409
3636,-0.010000000777044776
2293,-0.010000001158514325
315,-0.010183560895610136
3364,-0.010305613238301214
3278,-0.010685655494356579
1150,-0.011017225380197136
3094,-0.0113376017026414
783,-0.011379053945667716
810,-0.011384913234770597
938,-0.01141459972815085
2861,-0.011477844983375878
5,-0.01154057411807237
1741,-0.011566886586558077
857,-0.01173326390921
286,-0.012314260482470663
905,-0.012496643301969814
2392,-0.012558036216296208
78,-0.012573530746774404
1169,-0.012872522538758036
2394,-0.01301892269961178
1555,-0.013066296312586607
637,-0.013207345782662645
2619,-0.01327333847533789
2133,-0.013503889209475022
3313,-0.013583115018476614
2703,-0.013689742097371749
3745,-0.013802709338106988
2742,-0.01382947861212041
3639,-0.013869411154568998
3656,-0.013914075692158
3611,-0.013949341360935537
3331,-0.013974185929871914
2600,-0.013983055592861629
2870,-0.014006903111386238
4073,-0.01401936148610899
4057,-0.014019847324435775
3421,-0.014023502686196116
847,-0.014045682004424222
1655,-0.014054407012664447
3894,-0.014069568253199416
3296,-0.014072829452678013
205,-0.014079992943109925
966,-0.014084998654078657
111,-0.01408852597081654
507,-0.014095442182711948
4041,-0.01412710123205041
3301,-0.014127429617485506
2567,-0.014139183580864254
1188,-0.014140289931794772
1190,-0.014148657714657209
3526,-0.014150002728306419
3665,-0.014152962517846797
2303,-0.014156303620441133
3113,-0.014158353239726805
486,-0.014160370856547652
1120,-0.014162916023170009
1345,-0.0141652449858232
1661,-0.014166504767302775
11,-0.01416801350240352
3888,-0.014169284463242724
2777,-0.014169655004919535
2412,-0.014169849371849862
3586,-0.014170120161400363
1435,-0.014171437071734414
2650,-0.014177022865334087
497,-0.014182220471268367
3401,-0.01418678785381185
4013,-0.01419609968788096
285,-0.014204365357130594
923,-0.01420571628990011
3118,-0.01421257664583841
1023,-0.014214713882165997
3582,-0.014342158301850292
1846,-0.014797185154174003
928,-0.014987552649260447
2325,-0.015067659408020795
678,-0.015278943651761832
2324,-0.015394406248492754
3778,-0.015441910194480497
2907,-0.015685670602059203
3262,-0.0157082065415848
739,-0.016049773534433587
3958,-0.01646338656915586
2973,-0.016787963281646147
2645,-0.016880705352718697
215,-0.016978808343823745
3171,-0.01700501667354972
884,-0.017076180787546812
3,-0.017162068376876546
3500,-0.017251687846632013
2184,-0.017252679567181982
2986,-0.017254664674060956
2993,-0.017263718485215247
3754,-0.017270384486826617
1092,-0.01732265558331887
579,-0.017344121782703684
3155,-0.017350106959945558
310,-0.01735325017749229
2950,-0.01735636286366176
3132,-0.017391557623966592
2468,-0.017402164898241326
1206,-0.017441442445724778
1311,-0.017463952885773296
481,-0.017517486332715403
1853,-0.01781340336814348
439,-0.018042610593986475
796,-0.018432282578305776
239,-0.018467119106101212
3060,-0.018851120669350543
3223,-0.01892234123566331
1831,-0.0189446114479603
3065,-0.0191717318212878
514,-0.019313638546388904
867,-0.019537426223305544
735,-0.019547992602545708
1005,-0.019662992988606978
2899,-0.019811174738084115
1383,-0.019927340138164547
299,-0.019999998694145128
553,-0.019999999040807608
4024,-0.019999999113474085
1640,-0.019999999243899145
3733,-0.019999999299260808
1060,-0.01999999932807472
2523,-0.019999999360440265
646,-0.019999999367402734
3532,-0.01999999937080952
295,-0.019999999386423366
2113,-0.0199999993984485
2076,-0.019999999464155677
3069,-0.0199999994647858
1585,-0.01999999946747432
1583,-0.01999999952268049
1696,-0.019999999543222177
2997,-0.019999999555780593
3349,-0.019999999563883018
3399,-0.0199999995641788
3380,-0.019999999588538743
3478,-0.01999999962627836
1664,-0.019999999639125642
1577,-0.019999999668395815
3948,-0.01999999967076068
2724,-0.019999999690117745
3984,-0.019999999718558793
1186,-0.0199999997636369
3129,-0.019999999781521324
22,-0.019999999788536633
3273,-0.019999999801877867
798,-0.01999999981960246
4,-0.019999999828766445
2353,-0.019999999834164138
1712,-0.0199999998350528
3004,-0.01999999984962396
3584,-0.019999999862845615
1328,-0.01999999988171102
2059,-0.019999999901849416
2555,-0.019999999914479937
2720,-0.01999999994026952
4047,-0.019999999945900994
372,-0.019999999968402564
679,-0.019999999980958572
2838,-0.020000000018896142
1616,-0.020000000035091135
564,-0.020000000060637766
2526,-0.02000000006739626
696,-0.020000000067663115
4067,-0.02000000007330763
2366,-0.02000000008489698
1870,-0.020000000128750525
2448,-0.02000000017297827
2681,-0.02000000020372853
2731,-0.020000000212815085
2043,-0.02000000022646643
1871,-0.020000000247469972
1018,-0.02000000024938004
1417,-0.020000000315465526
1028,-0.0200000003228582
1356,-0.020000000330260056
1373,-0.02000000034733301
3902,-0.020000000360483914
1703,-0.020000000406509538
3114,-0.020000000430703317
516,-0.020000000475576787
2822,-0.02000000048267336
1071,-0.020000000506930193
169,-0.020000000539218892
3423,-0.020000000540554938
1925,-0.020000000597488955
1123,-0.02000000066329076
874,-0.02000000089176512
2300,-0.020000000907498018
2316,-0.020000000945458955
3806,-0.020000000963322263
3140,-0.02000000098793354
385,-0.020000000990255878
213,-0.020000001023747323
184,-0.020000001032586433
350,-0.02000000105806929
3594,-0.020000001327772788
575,-0.020058686817739063
260,-0.02008660744682491
1593,-0.020093559041015063
2549,-0.020111394340366098
2082,-0.020127221839857126
541,-0.02023645863001268
217,-0.020267066713684466
1943,-0.02054623766273477
1094,-0.020694981639710158
58,-0.02069937729959564
17,-0.021517103543003787
3297,-0.021648131958973214
828,-0.021672386364981266
959,-0.021787680927554388
1635,-0.021869222228400483
1800,-0.02196807076000638
2066,-0.021987116556512202
3610,-0.02198881387363405
787,-0.022078211562810493
551,-0.022146296489881326
1786,-0.022277569024380196
2413,-0.02234650589169759
1483,-0.02238847534702502
1245,-0.022412806325547763
3470,-0.022432595507417
2736,-0.022432948653941517
122,-0.022474010557423423
419,-0.022493923381320197
2984,-0.022524421217391684
1794,-0.0225382226573369
3046,-0.022543938051231734
98,-0.022618109245193647
2735,-0.022635605209718027
3305,-0.022654424310223756
246,-0.022665140498631487
216,-0.022719584149171173
2406,-0.022755370025126474
2840,-0.022980491282929547
2673,-0.022995556871715728
2444,-0.023168932907839158
1380,-0.023366549938772404
1895,-0.02354939046457103
484,-0.023611035505976274
2639,-0.023845723638868815
2374,-0.024057066224278514
1122,-0.02412893408117454
521,-0.024146524229621057
3193,-0.024154591787292887
3002,-0.024155560927148576
1670,-0.024162333943745784
2070,-0.024166359983072042
1896,-0.02416912546214689
3413,-0.024209488476472227
2039,-0.024368779494809506
3205,-0.024561994004245254
3576,-0.024714877646396776
1424,-0.024771455297811794
724,-0.025017645703081
1791,-0.025070147455889737
1576,-0.02525332064331043
2085,-0.025256085191408914
2812,-0.025283358848926393
2024,-0.025827798619269978
506,-0.02590173531995274
625,-0.02596794276381513
3677,-0.026173378329341333
1763,-0.026215153538641203
3157,-0.026220541830693115
2841,-0.026283991684916748
2517,-0.026474697768446846
639,-0.02659146190723638
3023,-0.02661645978647548
3638,-0.02664179750440112
1422,-0.026661255664948612
3505,-0.02678773719772476
3201,-0.026974782496648243
3062,-0.027079373119130654
2298,-0.027235000026913328
3942,-0.027251689865400507
1219,-0.027266446276278423
2071,-0.02755396592046554
3913,-0.02776003212696204
1617,-0.027859785374158137
2957,-0.02787667221063184
3144,-0.028023569207174238
2892,-0.02808987729721693
2766,-0.028154295874181987
1247,-0.0281847213583629
72,-0.028190302900662698
2447,-0.02823555829318357
1905,-0.028236537807263217
2569,-0.02825941155362983
2704,-0.028264899125757133
3933,-0.028278967982955913
618,-0.028281610494970064
3042,-0.028298347578674016
825,-0.028302029695334924
461,-0.028324374372608232
442,-0.028328554976885273
2122,-0.02832863932498678
792,-0.028329581105891122
3568,-0.028329981606680037
1716,-0.02833160749539263
0,-0.0283331557583287
1755,-0.02833676742148317
3497,-0.028337232795593543
1940,-0.02834197887383645
133,-0.028353487726954875
3382,-0.02839016748578638
2140,-0.028478680376903556
2041,-0.02851300401967072
1589,-0.028755086407398153
4052,-0.02891780321606052
3151,-0.0289609935230226
267,-0.029660105916469615
3075,-0.02999999865650961
858,-0.02999999922280283
3823,-0.029999999281641754
3435,-0.029999999392922153
2019,-0.02999999968475805
4008,-0.029999999787322297
2031,-0.029999999981469246
738,-0.03000000003861688
2478,-0.030000000049706283
1154,-0.030000000481546017
2909,-0.030000000511153722
2349,-0.030000000794740016
1961,-0.030000001003651827
189,-0.03003644634870305
580,-0.030058755485193035
325,-0.03006214290511318
3843,-0.03009865108922557
982,-0.030117045201277316
980,-0.030221487093158278
3410,-0.03025847812229828
917,-0.03028835394740164
909,-0.030347664070852643
3355,-0.03130884806354922
1398,-0.0315656675459045
1172,-0.031660846974593405
1161,-0.031763243909140974
2958,-0.0318286869554571
2904,-0.03199082611462816
2659,-0.03219483984160301
3190,-0.032334902336159155
1017,-0.03249614727936402
2778,-0.03262158297374517
2148,-0.032787063309724196
4071,-0.03301189708436587
2856,-0.033179198887650356
3162,-0.033222539182599466
710,-0.03325059707973259
3128,-0.03337504323722893
389,-0.03337685649597416
685,-0.03342097112934632
2063,-0.03347736821041464
881,-0.03350196995290959
1856,-0.03351756717952856
3324,-0.03383846839545212
2488,-0.03385813901496406
3271,-0.033991994718051984
247,-0.034022659339253455
2721,-0.03405797174983165
429,-0.03405908711060591
3673,-0.034080373724701456
1015,-0.03414146655724623
2638,-0.03416059323550827
272,-0.03417089239014518
1127,-0.03420970297205423
2606,-0.03421409834004506
595,-0.034395962691873644
617,-0.03444330883749155
358,-0.03455400247740791
1342,-0.03466508182124784
3563,-0.03474457370298096
3676,-0.03476874532412773
1877,-0.034779352635864964
478,-0.03493600586222559
3741,-0.03495765319355641
2262,-0.035031928796068916
1359,-0.035086580885040394
1693,-0.03508971105895987
2330,-0.035091508643199806
2497,-0.03524452517375922
1825,-0.0355022773622068
3944,-0.03552133811343961
1654,-0.03555009057474468
1812,-0.03566501488116251
3965,-0.035668906416224944
749,-0.03571590699258289
872,-0.03584461291470276
2746,-0.03591161098998688
3169,-0.03616358491801233
505,-0.03647149839760677
2208,-0.0366074032530915
345,-0.03666798220008636
3702,-0.03667097704969589
3393,-0.03700218658166005
1650,-0.03720119652739755
4079,-0.03728791174562695
2757,-0.0373945235264427
2416,-0.03757829604857626
3076,-0.03768443674321822
3290,-0.037754844932526295
2018,-0.03781823546632669
388,-0.03800881961026388
823,-0.03801466411396371
1416,-0.03813180123704094
2034,-0.03827210413960003
1474,-0.038306659771423064
3707,-0.03833737936293413
2618,-0.038354470010652994
939,-0.038560430905710555
756,-0.039043983289539355
1723,-0.03904418475342749
3657,-0.039125758140583215
2272,-0.039212239117839366
1914,-0.03922739509252298
536,-0.03924960826271423
54,-0.039269851388159534
3659,-0.039316607490361456
2900,-0.0397167834016724
1587,-0.03982645221489859
1147,-0.03995150022450566
3342,-0.03998112377673016
1267,-0.03999072111458026
3254,-0.03999161940200214
3727,-0.03999999911161717
2264,-0.03999999924943518
1177,-0.039999999476701964
2000,-0.039999999830315235
1067,-0.040000000069148
3287,-0.04009435764598523
2201,-0.04015138943546133
2463,-0.04020191258572478
597,-0.04025764756155441
57,-0.04048534439615256
1606,-0.040660969420529644
4062,-0.04084052560838697
3633,-0.04142367881840025
3969,-0.04150530157464255
1984,-0.041563845985849925
1293,-0.041580037162549786
1243,-0.04169435516930033
2728,-0.04213154332842992
2080,-0.04221771344166635
4034,-0.04223806086144719
974,-0.04237096119031153
2383,-0.04273282592840167
495,-0.04287199571681563
781,-0.042876735518002904
945,-0.043307209034786694
1461,-0.04343169275272575
3698,-0.04352569472677304
3280,-0.043694055648059706
2849,-0.04383578094019862
3914,-0.04416573818497383
770,-0.044299412453235494
1855,-0.04430233846228883
869,-0.044338275977604556
4091,-0.04437524097279169
1146,-0.04440014351773751
2678,-0.044553353123825495
3986,-0.04461732406198397
1886,-0.044658088604036486
883,-0.04475303265189923
778,-0.04494914065442798
1125,-0.04504597614000392
3819,-0.045221918987764675
2730,-0.04529535362952525
2260,-0.04531394928917282
1406,-0.045425988994521854
250,-0.04564786593106716
2676,-0.046059810341193635
1051,-0.04662395431364342
2798,-0.0467752788313767
166,-0.047047848388011154
2350,-0.04707569522312081
967,-0.0471044258178525
3929,-0.04749312039213922
1083,-0.04753797825389601
2672,-0.04762016559705841
490,-0.04778471998848602
243,-0.04785408080529992
918,-0.04808675843810414
954,-0.0484895534168338
3519,-0.04851078011865605
3811,-0.048512602848260415
3341,-0.04851971411634587
1034,-0.04863260726184914
1805,-0.0486445700415158
1242,-0.048722864104262964
2622,-0.048816978567408464
561,-0.048824585681174176
2834,-0.04894765660522106
2179,-0.048990112908922835
3501,-0.04900054087168905
2007,-0.049056121956856186
2884,-0.049127079301742656
1480,-0.049481661133319095
1958,-0.04996863308141739
3422,-0.049999999255353915
3147,-0.04999999972114459
1344,-0.050000000034867605
1069,-0.05000000010380878
3139,-0.050000000502878866
3314,-0.05000000093565475
147,-0.050203723223257175
675,-0.051314415867582
2740,-0.05180908502163856
2296,-0.05200449824592357
3655,-0.05206175361468578
895,-0.0520691911459082
565,-0.052094736770586604
3736,-0.05221560474734396
1999,-0.05274787285519806
1772,-0.05279077321028163
1669,-0.05279517547576398
1643,-0.05287373471764479
2014,-0.05301066688991852
2790,-0.05303876523361943
2771,-0.05313045694895726
2905,-0.0535711407931319
125,-0.053589663878191196
2338,-0.053796835370770485
2233,-0.05394799612388947
972,-0.05403457092646129
3371,-0.0540897792858408
2053,-0.05427667938227179
1653,-0.05435699310597485
1444,-0.05436469958417269
785,-0.054367883453439084
3360,-0.05482793567184732
829,-0.05488697232861007
1091,-0.05528543541084785
765,-0.055544433061611026
2134,-0.055562832449075214
776,-0.05576648502662132
3797,-0.05593364433478729
3553,-0.0561451374028446
931,-0.05620940703242711
42,-0.05622039824070563
1724,-0.056434133701786224
3238,-0.056455387895312514
1182,-0.056658131630177834
1694,-0.05689600210968406
1298,-0.05725030386594664
3812,-0.05815430129012275
2054,-0.058257032927975454
1780,-0.05826321769063512
886,-0.05833801981244299
1615,-0.058655606682354075
3398,-0.05873993605252932
3376,-0.058745875430724084
3495,-0.05886057419265512
3039,-0.05897592078803338
3758,-0.05916033332055612
2545,-0.05929995084343053
2560,-0.05954560972250667
2344,-0.05956928548571666
2889,-0.059791465061177905
1700,-0.05999999895341682
1061,-0.05999999912537903
2176,-0.05999999939172351
2496,-0.059999999588847566
2796,-0.059999999865486375
2675,-0.05999999992811543
1225,-0.060000000052249994
2684,-0.060000000192707945
1425,-0.06000000027347968
2135,-0.06000000032977975
430,-0.06000000034257352
3320,-0.06000000041922385
3054,-0.060000000988727625
413,-0.06002485089721704
3219,-0.060758253542404585
1819,-0.06097430572977947
2540,-0.06138775511749039
1764,-0.06154333746793759
1767,-0.06169511859259625
1996,-0.061788962781545206
2763,-0.06197201625633711
3549,-0.06255789075428242
841,-0.06256723029536788
589,-0.0627529792279275
1164,-0.06298282055486998
1500,-0.06313349782743367
703,-0.06314795908344534
2647,-0.06374739329441223
3443,-0.06403658691249482
964,-0.0642805986467137
773,-0.06441508652392644
822,-0.06464880767615155
1271,-0.06471018744003375
1302,-0.0647932411449445
649,-0.06482213599485893
420,-0.06486479083836005
3178,-0.06487345245383115
840,-0.06495259884472833
394,-0.0651225664466504
2436,-0.06524737262249289
695,-0.06574138812228095
1101,-0.0657901315966723
1319,-0.06615559947825858
2589,-0.06637163256194768
1859,-0.06724621201625808
405,-0.06727942732429182
3710,-0.06728904265761848
1490,-0.06741671939075049
539,-0.06764125700815159
1844,-0.06766518129355739
3208,-0.06769028568418775
581,-0.06774125916480457
4014,-0.06802286844282232
1466,-0.06844696519183743
1183,-0.06883255704221815
1458,-0.06922523070105085
1095,-0.06999999948570236
4081,-0.06999999962050356
2718,-0.07000000080999116
3216,-0.07011498928255393
2250,-0.07033968288579608
2111,-0.07052411549740838
2505,-0.07053397091053147
766,-0.07139027106658175
740,-0.07153950777855986
3291,-0.07171297758167772
2844,-0.07215500578612166
3533,-0.07271480709229679
3170,-0.07306586032558979
2660,-0.07312674760644607
2332,-0.07342023551010846
1933,-0.07395222854804057
3786,-0.07461706062198863
3515,-0.0747912295990998
2001,-0.07489383727592362
3798,-0.07535216550667004
1738,-0.07558499995759028
842,-0.07593699676282079
1107,-0.07599229851352905
774,-0.0760465043709362
1608,-0.07719311918403592
3259,-0.07736688304035015
1047,-0.07773689573767328
3506,-0.07785288367219835
1977,-0.0787587280841025
1575,-0.07882865850604491
1865,-0.07895625153397216
2028,-0.07975036000170312
139,-0.07999999836888709
2601,-0.07999999974756544
3270,-0.08000000014127265
2112,-0.08026430059585435
3031,-0.08064460017388947
141,-0.08136946562681459
2115,-0.08227253521289614
2648,-0.08253048726960097
1079,-0.08276683539647386
3713,-0.08356769148620619
116,-0.0844249219839571
3303,-0.08463309688941532
3150,-0.08533421722093448
2723,-0.08546088708503001
3397,-0.08574183038152278
2531,-0.08642961493922063
416,-0.0864885423128881
1708,-0.08703593428536022
3634,-0.0871176810503033
924,-0.08819046499448441
3632,-0.0882570719833136
1949,-0.08919841469269958
1471,-0.0892223892735972
896,-0.08957854149817701
3854,-0.08969144077235577
1719,-0.08999999993847638
3200,-0.0900000002568908
2177,-0.09017854010618409
1619,-0.09054201994927437
1280,-0.09060764898184079
2607,-0.09081849827647658
922,-0.09099162564773307
3416,-0.09170935844652373
2284,-0.09303377874843198
608,-0.09397658615687222
362,-0.09414851001470373
510,-0.09436111514356259
3488,-0.09452126289710079
3943,-0.09462702666268236
3790,-0.09554251721101494
2966,-0.09558211163486358
3213,-0.09617150728806008
2587,-0.09708651681521704
24,-0.09720493456155019
2873,-0.0979154746122194
3977,-0.09834182486411543
624,-0.09947138037069365
2274,-0.10000000048297343
142,-0.10054373973721287
2058,-0.10170166769261145
978,-0.10172494819651094
3035,-0.10200381451641598
2317,-0.10203285735061947
777,-0.10242789884536486
782,-0.10320444886739052
19,-0.10340638769993664
1131,-0.10362184262566031
1858,-0.1042944475467718
1690,-0.10464025810888575
3052,-0.10526562231282423
2963,-0.1072462221795491
3923,-0.10738425109500623
349,-0.10751967311184459
2664,-0.1077113763792808
1930,-0.10816787226410737
2925,-0.10841285436106275
642,-0.10851489375249596
2026,-0.1085772479625532
1911,-0.10938211740673548
1766,-0.10999999921491613
1498,-0.11009516089351765
3661,-0.1116566497306438
2929,-0.11206269372303877
2810,-0.11309000997370354
4086,-0.11387047185128198
2204,-0.11412853949312872
4035,-0.11414094459788333
2657,-0.11425450480313364
2943,-0.11430215655537944
3165,-0.1156616930556012
2418,-0.1157925969905607
864,-0.11645348408595427
3525,-0.11661988962302149
1631,-0.11709949926348848
304,-0.11716116949751966
1286,-0.11746694441018335
2518,-0.11803160260300674
357,-0.11881976880327613
2780,-0.11932315567950408
1733,-0.11934546303212962
2767,-0.11948186865562059
209,-0.11974692968706158
3684,-0.11999999752224534
1937,-0.11999999968812598
2603,-0.12061072482426496
2440,-0.120721858198489
2117,-0.12091254268123182
698,-0.1218375126702504
212,-0.12357794150558131
2786,-0.12367573459705702
672,-0.12428029449143065
158,-0.12440868927417105
68,-0.12479971117868942
2094,-0.1272352810272461
1782,-0.12771779403162928
2709,-0.1281606378462954
708,-0.1290218943581366
1139,-0.12948698613757423
3098,-0.12993676902572843
1692,-0.1299999970297239
4075,-0.13000000082805532
3176,-0.13019261048128145
1137,-0.13074793113374247
1386,-0.1312633670459928
3882,-0.13366036187760694
809,-0.13560467658743183
3750,-0.1356357799373368
3466,-0.13791095291699434
445,-0.1384048259273778
2037,-0.13930553681783805
2023,-0.14023240130084744
2320,-0.14092083891490567
74,-0.1410478512607325
2241,-0.1411200418854492
2592,-0.14306190963697668
1497,-0.14442615485333746
2295,-0.14482863167706686
803,-0.1485379872939297
965,-0.14886432872887798
1109,-0.15013906274872077
3959,-0.15137034402249155
3620,-0.1526597305318892
832,-0.15395069539528244
2975,-0.15436283257577804
518,-0.1563556647018311
3404,-0.1572141515797185
1909,-0.15768660905027315
471,-0.15798894416713366
2979,-0.15808615093696776
491,-0.1586526731262816
2114,-0.16099050908440798
3146,-0.1610143318359691
3194,-0.16305780845813178
2382,-0.16390828104678148
4083,-0.16441997219604004
281,-0.1649007853368759
1770,-0.16813261809813693
1438,-0.1688475467365363
21,-0.16910947764343187
3225,-0.16937949988679865
453,-0.16945631885312307
950,-0.1709888132356748
2471,-0.17113886302352022
3425,-0.17314042240934263
3724,-0.1731588023267893
1874,-0.17329609884974276
3473,-0.17393235316398287
2624,-0.17422810094187763
1567,-0.1785030679964991
3826,-0.1800382419346206
3517,-0.18097847629561944
1367,-0.18341175195479376
736,-0.18580596650355305
2981,-0.18587834326818162
2789,-0.18654551555092933
1793,-0.18828676464503996
1309,-0.18833732721614674
2978,-0.1904959390314383
3928,-0.19205482678154215
2032,-0.1927202635965341
2305,-0.1943943468565859
915,-0.19472657947273203
727,-0.19473593417381418
1809,-0.1952329671732663
3749,-0.19612536743966624
2588,-0.19679072121522218
1749,-0.1984099322564716
2466,-0.20310952061621826
475,-0.2032884966882048
1622,-0.2035175577920492
2400,-0.20380176676080566
3566,-0.2062876582371288
3464,-0.20802412276571125
1365,-0.2088142188645297
1294,-0.21055039754306487
1526,-0.21055921272835978
3248,-0.21094631103956119
1822,-0.2181249657363021
2692,-0.21999514867908368
1226,-0.22100930819453934
2534,-0.22290309055416815
3163,-0.2259802305374518
1621,-0.22810392935056398
1266,-0.23268586053712667
1455,-0.2360138220339185
908,-0.2362572179333787
704,-0.23677376182392795
1827,-0.2371836333458904
873,-0.23969975303263463
926,-0.24080425040475034
3624,-0.24189455513975427
3623,-0.24348296709373385
742,-0.24445344587365375
2361,-0.2521949939427583
121,-0.2572155780854119
3824,-0.263156670697029
3338,-0.2633250078676814
3527,-0.2639483134425618
1561,-0.2643927907974552
3547,-0.26530299453505723
101,-0.2717986756930151
1262,-0.2723389055889889
2331,-0.2796852745321074
3979,-0.2817497226258369
2259,-0.2899656919800578
912,-0.2942182784935947
2360,-0.29659277504274933
3941,-0.30421188967333257
18,-0.3053369347886632
1691,-0.30922946812986013
1074,-0.3126841674647516
1841,-0.3211116713918804
2843,-0.3213223851433482
732,-0.32938992005833534
2541,-0.3386944812622507
3211,-0.3389005970482453
51,-0.3399999975861938
752,-0.34446361925453395
66,-0.34868282492319047
804,-0.3505392974219463
2060,-0.35289734100285836
3247,-0.35485455696037393
3182,-0.3605351999071773
1194,-0.36212699773053386
2937,-0.36256936570423115
2056,-0.3680216767360417
1200,-0.389928190162973
308,-0.3934898100230218
2051,-0.4027584474782195
3560,-0.404449688252072
3053,-0.40845048993406097
2029,-0.42189592277763316
946,-0.4220885545461365
3072,-0.4291342468356799
714,-0.42995075151891476
2787,-0.4301807422572059
3487,-0.43174237332606613
3757,-0.43908917075331627
2493,-0.4402320006651837
241,-0.44486667024293314
3318,-0.45000000095918424
3343,-0.470716213714254
1672,-0.4729005431119693
3683,-0.4754728720992769
335,-0.48000000009652233
1551,-0.4803840971923228
3614,-0.4926875017865225
2168,-0.49950037147471305
3439,-0.5046539497534015
2277,-0.5099999958791837
653,-0.5133554958517568
192,-0.5172426391357594
3387,-0.5193438938793924
3751,-0.5212688324274631
542,-0.5230194922614748
2837,-0.5325230103546602
1180,-0.5429771066298226
3438,-0.5445391395068541
1713,-0.5448826979516523
1366,-0.5469740475401454
3264,-0.5477510501628966
1582,-0.5551651224248789
360,-0.5579919206048201
311,-0.5608124653093228
2682,-0.5638870882917739
599,-0.5687918293667271
3918,-0.5758286487259339
1007,-0.5760257501693355
3717,-0.587898518184396
2181,-0.5899999948052911
1014,-0.5981963383502394
3417,-0.6076607450013164
2897,-0.6166626679305883
3302,-0.617249729547388
1170,-0.6182879032199697
201,-0.6199999993417724
382,-0.6273752064182535
219,-0.6278391806731698
4006,-0.6300000005428865
3983,-0.6340588689203548
67,-0.6352709416545728
220,-0.6377050102240326
148,-0.6407472944023996
2057,-0.6438203630074933
3836,-0.6442318612873617
4038,-0.6518710074063853
2013,-0.657620480956234
3442,-0.6648139979790443
2229,-0.6665869810914837
3613,-0.6697550630494746
1133,-0.6729375834530683
2137,-0.6760649198937722
927,-0.6786519652956051
3947,-0.6817734116233326
659,-0.7019869899261838
993,-0.7075546770160827
2126,-0.7163209567278715
3895,-0.7165150564116678
1263,-0.7256940223095583
2429,-0.7269470901749334
984,-0.7323935103730161
161,-0.7473333470865283
4060,-0.7549039273279365
2743,-0.7584134315645795
2597,-0.7790318548690978
3578,-0.7802363145590226
1374,-0.7909425737340389
2581,-0.8056798278726623
3893,-0.8071334705287034
2197,-0.8116467643786769
621,-0.8189892885158896
538,-0.822260531367625
3134,-0.8299521023418306
2439,-0.837680264081593
743,-0.8384188509388388
298,-0.8396632029505046
2346,-0.8465566913897249
3552,-0.8501060175418725
684,-0.8676857134671867
3598,-0.8726130592870102
3726,-0.8863882930327135
3448,-0.8933175027552633
2785,-0.9054027104472993
2525,-0.9092931061399792
1115,-0.911527395310644
3463,-0.9132252301471868
1991,-0.9192289750213781
2894,-0.9196313256423453
253,-0.9223644220702846
183,-0.9271239477492628
2953,-0.9444947437263125
3708,-0.9504358323837373
3481,-0.9584416761609219
2308,-0.9641212309842067
2733,-0.9786060336070761
570,-0.9867784608306528
70,-0.9897808490816488
1106,-1.0135254839387193
3955,-1.0186223193716504
1721,-1.0190328497734924
2116,-1.019398195330066
2835,-1.0242103824082018
1326,-1.0589111792454262
123,-1.064199716752927
2558,-1.0649945107873238
2419,-1.0943747548323215
3622,-1.0995971390370152
2446,-1.1134204084287809
1259,-1.1172347603528205
3723,-1.1351479108490092
3872,-1.1362933077909
2629,-1.1400510663932326
1832,-1.140997255753404
2127,-1.1603387119102961
768,-1.1790591945959255
1304,-1.181216850253236
3033,-1.1919730016968435
1946,-1.203073824266597
3820,-1.2150128535288025
2356,-1.215707405459911
4004,-1.2204292697134043
2462,-1.2331705830910789
3697,-1.2451263939146666
799,-1.271590168511514
346,-1.282217838734185
1217,-1.2835413868921637
3848,-1.288204228125322
312,-1.3069199658833623
3309,-1.3366106965406783
1329,-1.3422612560400524
460,-1.3446126658819466
1149,-1.3585647658948894
109,-1.3767545587470549
1391,-1.390217737166851
149,-1.3969377796045848
1485,-1.421132082717101
3830,-1.4434744809150613
1238,-1.4550648744272963
2314,-1.469072880104793
3964,-1.4737840270844003
713,-1.4807929236104984
1201,-1.5218690234921288
1636,-1.5304673527215247
2824,-1.5400639415313686
862,-1.5570703909766144
2182,-1.5931903033969883
3520,-1.633920073598299
2784,-1.6446674793287916
265,-1.6619056850247436
3275,-1.6621363029336222
2711,-1.6781775692956293
877,-1.6864049685871771
1323,-1.6976935368683719
1552,-1.7078576703812032
645,-1.7188055793767183
2573,-1.718900066277297
2562,-1.7274857141641697
3471,-1.7872059871739396
2922,-1.8078363080522075
3081,-1.808746161378333
1899,-1.8089382838374957
970,-1.8203728305471274
3817,-1.8216147142475656
3160,-1.8341694866744467
1718,-1.888315571420047
4017,-1.9336161682082502
1357,-2.117239146661456
2253,-2.1222219267433986
4043,-2.130611551299535
1744,-2.1335243947203493
1789,-2.1809284985903052
1360,-2.1968993989327954
920,-2.218398778134014
700,-2.270812718300453
4029,-2.307104317906463
2750,-2.312952986625063
1956,-2.335476700517949
3859,-2.3365708401379965
2479,-2.3478186966312884
1436,-2.396565996431088
402,-2.406363371373172
1726,-2.4195433273041482
3802,-2.4347932863560797
3378,-2.4592969706067755
1845,-2.4715521267319946
619,-2.5028170973760484
633,-2.5272012603958203
4011,-2.5602565577894683
34,-2.5780593590463026
3242,-2.6622797962417706
3682,-2.670232691135575
316,-2.6734912741376684
415,-2.687858518260244
3071,-2.687875540250858
3402,-2.874808716625131
1058,-2.90385924411172
2064,-3.0339732642114505
3635,-3.1018561343282354
2427,-3.405510063986163
990,-3.4494493574599865
472,-3.4510921076865513
1597,-3.476023673349812
2352,-3.509185729609013
3181,-3.605316213632094
3269,-3.674691044750623
334,-3.827417036054108
2716,-3.8990032951915676
3572,-3.9089351499435683
1093,-3.9294543414825824
4037,-4.200823685329724
3469,-4.37006110232707
