sae_dim,z_score
3388,0.7771071743030674
4095,0.746694579130565
3838,0.5987039030148551
4026,0.5857758369106222
1903,0.5076739450466847
431,0.5005988317129788
3164,0.49116760881294147
3474,0.4771284526911474
1553,0.46767292782351666
1114,0.4670121671460706
2509,0.4612715775508837
1053,0.44097053631931793
930,0.44031448172137233
2210,0.4284984923770838
4003,0.42630747076672604
254,0.4234247525339258
1638,0.4190467392463487
1453,0.4166389438456445
2166,0.3934255987457276
3253,0.39137514340945045
3099,0.3911746183190025
1740,0.3779895419618342
2749,0.3680641886785117
1021,0.3624909131581632
12,0.35876488302591564
1957,0.35867672933422534
2516,0.35801155781276656
2947,0.35680537446749494
3187,0.35573082869878936
852,0.3501229047250968
1979,0.3499293341076273
1876,0.34876522832360435
2513,0.34170213630830465
465,0.3406727791086198
2564,0.3389892516769898
1634,0.3356293361418972
1976,0.32217739173461346
2734,0.32198081594061245
3327,0.3212250091207165
3722,0.3164030114166589
1667,0.314964265529207
2009,0.3078458442481399
2467,0.30630246280287626
168,0.3050606307605612
3493,0.30423922197840386
2599,0.3040564867401921
2287,0.3036037903614065
1790,0.2961315920697223
4078,0.2928634663910699
2799,0.29001524692622155
1415,0.28963643160626484
3329,0.2864072142947112
38,0.28610333508029057
1850,0.2779514402157569
1105,0.27561055349329394
3292,0.2730299188479961
288,0.27148848707060874
329,0.26780878354963095
3209,0.2675323785344742
2217,0.26640683446528934
364,0.2626310532722303
3670,0.2624153163638554
355,0.26234642563977933
2103,0.25659447978115135
3159,0.25588801567012964
327,0.24976850281726382
1599,0.24966292030229315
1322,0.24827108678626586
3383,0.24790627363758783
2985,0.24555572875242726
995,0.2455357897822695
780,0.244807653566078
1951,0.24106442872179076
2953,0.23129846761079245
946,0.23005352678142543
3849,0.22929255159637774
3249,0.22551327302597524
1195,0.22530870085904814
2438,0.22310072705276127
3395,0.21859630834207716
3441,0.21616296742939559
3516,0.21416492857000033
3599,0.21393115262422704
775,0.20920524272053004
1446,0.20642060357290468
2695,0.20508233305059745
1941,0.20339927012578563
2441,0.20288360699028182
3363,0.20051409391501593
3956,0.19912301981122849
944,0.19760271168722213
435,0.19724290141192086
265,0.19563068994283786
3732,0.19386286420620708
602,0.1937333740170853
2360,0.19085910136417789
761,0.19066939853737713
790,0.19061292103168723
2875,0.18780682493479417
590,0.1868415201554814
2708,0.1828279601073363
901,0.1819621725426218
61,0.18169679397912564
1734,0.1815487535162258
36,0.1796573935886764
2998,0.17921545429797964
1010,0.1779441477648508
2146,0.1759981444981533
2733,0.1758903541883816
1040,0.17572358675258895
3641,0.17039984990304463
2275,0.17037783347248955
3076,0.16930834043830714
2269,0.16755295060825504
455,0.16689499578219688
1623,0.16627940336241678
29,0.16550040315893333
2611,0.1652515987261733
3241,0.164827357225734
1476,0.1647128300636122
2529,0.16370054861371539
1962,0.16277939304323166
1104,0.1618315601949306
331,0.16167606768436704
4076,0.1611570665216143
2834,0.16046471680938726
1714,0.15947610061829293
3751,0.1583198705199368
1106,0.1581479739432913
651,0.1548481448911973
2056,0.1538293486915157
2816,0.15360628764433862
2787,0.1527715771187404
2389,0.15271644324076813
2670,0.15192542360862224
3726,0.1516422804713447
429,0.15099233467680961
2183,0.15094278437608702
3283,0.1450513021251908
2190,0.14430946416963894
3714,0.14396010396959952
3595,0.1438907508742845
3245,0.14322765024692066
1611,0.14293436980264063
3567,0.14232033905291336
2923,0.1385279389349775
3647,0.13692809886737387
186,0.13570879890759072
3728,0.13085662855569624
531,0.13085188341457124
1009,0.1306456160563977
3975,0.12915239116677654
689,0.12842875616464072
3033,0.12750957570594348
3039,0.1271797850384923
3978,0.12704154002446164
807,0.1265426631932915
2514,0.12574028222816191
1680,0.12543428833865583
3263,0.12537771361969083
35,0.12430315466327549
457,0.12337711109354477
3267,0.12192497319563937
3316,0.12126271742448316
3294,0.1201102960728695
1820,0.1189896403162581
2909,0.1189896381167453
600,0.11898963796916351
2578,0.11898963774046982
1448,0.11898963694899525
3979,0.11808157832203833
1111,0.11746269537288719
1526,0.1149402638024312
148,0.11361077904382286
66,0.1119949462696436
844,0.11018128071599512
698,0.1095259001102179
2975,0.10882888683800318
3487,0.10818605383014002
3217,0.1080759945594412
2730,0.10543691449745611
2152,0.10526321631533009
1343,0.10479469627647664
2830,0.10409223770747338
2966,0.10362700772095787
3006,0.10332596449775915
2794,0.10321346311553418
2431,0.10263160869728523
556,0.10256082951102419
1756,0.10209850987620461
1315,0.10034579810123526
2317,0.10025200587491867
2613,0.10022680111413955
1238,0.10006298330170967
258,0.09990844163733564
1684,0.09924095047332453
2893,0.09890874588925078
1355,0.09798078302411214
463,0.0968857148093167
1179,0.09597986021104557
708,0.09580394430307279
2596,0.09578225882870502
444,0.0953309776883868
1512,0.09522867395672456
2511,0.09503529240390703
2433,0.09371681973446974
3029,0.0922768061140978
746,0.09203540110035555
1262,0.0911847177828718
3640,0.08596278106794585
2145,0.08568873861726128
3622,0.08443573753885113
89,0.08402646079895197
993,0.08266779988558472
3285,0.08070125294000981
2808,0.0796624711591358
3434,0.07950933570901857
3973,0.07832140612813338
2652,0.07688258664165196
2046,0.07638941622305258
2331,0.07563715088570604
3302,0.07547330561043405
1197,0.07268562283631606
1949,0.0726854665570407
2464,0.07268052051445155
3872,0.07266231516154738
1475,0.07263480210451063
4030,0.07245197860123402
1676,0.07221414572175686
126,0.07198527758203169
567,0.0718748542256
1478,0.07183619681571013
822,0.07050847672015832
2304,0.07005384191596892
21,0.06904075098959943
3645,0.06789029761592498
1582,0.06784583478417337
1596,0.06774943083046207
3462,0.06774942983104223
358,0.06774942961446431
1911,0.06774942956215285
2368,0.06774942924960795
1286,0.06774942908787777
1342,0.06774942901400524
3268,0.06774942883257559
3125,0.06774942870226103
4032,0.06774942868136466
1487,0.06774942838729561
677,0.06774942811577928
2172,0.06774942789848395
1571,0.06774942787428362
1336,0.06774942785791502
1174,0.06774942753629215
3884,0.06774942746234078
2012,0.06774942743155815
3060,0.06774942711195966
3445,0.06774942710736079
335,0.06774942678532023
2860,0.06774942653525606
1366,0.06742832778697525
2767,0.06730182856514737
2150,0.06691026005942127
2062,0.06598972053199834
3212,0.06546188801024048
3182,0.06510568429888708
3536,0.06262633413441952
2629,0.06259119295773867
1958,0.06211113788927306
3619,0.061324789276572644
3393,0.061286791665538874
1132,0.06114439600108509
3097,0.06094345502593348
2792,0.05872158509244
3697,0.05773870910858633
570,0.0573645867770024
1306,0.05636440520585462
1770,0.05550290947944998
4093,0.05414707840498404
3668,0.053932425849959456
1085,0.05263054079508005
905,0.05194105302919696
1266,0.051441302685130676
1761,0.051240211551531724
824,0.05124021150154031
18,0.05124021106559773
721,0.051240210843433075
1964,0.05124021057653998
1492,0.05124021057373087
3354,0.051240210396474285
500,0.05124021027048745
2698,0.05124021026918085
744,0.05124021006370444
1102,0.0512402100268752
2761,0.051240209827982074
1594,0.05124020978691261
3781,0.05124020963564503
939,0.05124020963516908
2115,0.05124020950051621
294,0.051240209436998176
2968,0.05124020937310682
2021,0.05124020932806678
3038,0.051240209308373405
557,0.051240209277804184
3219,0.051240209255550416
2779,0.05124020918597647
2,0.05124020915933303
1511,0.051240209106117464
2471,0.051240209101255776
1410,0.05124020906624989
3495,0.05124020904516182
3415,0.051240208903602036
1563,0.051240208810577434
1491,0.051240208664370734
459,0.04852644175462821
2378,0.04775089301400161
2831,0.04768155495627609
3211,0.04735048012759851
542,0.04710219715768757
105,0.046518426381699826
752,0.04564550410499645
2533,0.04564550279632084
314,0.045489104456371374
1568,0.044873968035796526
311,0.044470596324523694
1203,0.04406723660371348
3448,0.04391102878313399
438,0.04357358396904683
101,0.04353214423447375
509,0.04209646189696248
1248,0.04141251299212249
304,0.0413031584124675
1643,0.03869375538720009
211,0.03865889087986
2281,0.03856075584112821
3823,0.03655443329168413
3920,0.035056586043665086
1728,0.03490722834170361
1134,0.033835350564714685
2500,0.03341259982361369
3106,0.032559677082780375
2588,0.03198742964333917
3689,0.031081411341748237
804,0.029636461040144908
879,0.027085259173896824
252,0.026991009963770456
1308,0.02610039018881578
1310,0.025967390355741693
1554,0.025718732235824254
19,0.025272818349177294
3080,0.025225907674675974
2541,0.024514865961558115
1194,0.023317532777487552
3507,0.022997494202630364
2429,0.022826207464477808
1062,0.022770042550098978
3876,0.02219100832075379
1617,0.022120379289454345
3916,0.022103924914765934
1444,0.021944837108713915
4001,0.021913306065052738
1139,0.02152025053563939
1497,0.020759772456319263
3400,0.01698397920881019
3517,0.016939088011735225
690,0.0163867026367604
3564,0.01627873719893782
1234,0.0150085642964165
1621,0.014828034460367822
498,0.013978646107214115
1078,0.012679454251081343
519,0.012546454512840846
2335,0.01254645445480688
3961,0.011811916426806759
3247,0.011385021352943364
471,0.011308701566220901
2006,0.010827949602653913
672,0.010577358778408144
219,0.009589723789697935
316,0.008281516256651389
2243,0.00825115349838132
3154,0.005964854212827154
908,0.005239622038995367
2439,0.005150549138350397
832,0.003953231933606182
2685,0.003593500239049586
2585,0.00031243493082166643
0,0.0
1,0.0
3,0.0
4,0.0
5,0.0
6,0.0
7,0.0
8,0.0
9,0.0
10,0.0
11,0.0
13,0.0
14,0.0
15,0.0
16,0.0
17,0.0
20,0.0
22,0.0
23,0.0
24,0.0
25,0.0
26,0.0
27,0.0
30,0.0
32,0.0
33,0.0
37,0.0
40,0.0
41,0.0
42,0.0
43,0.0
44,0.0
45,0.0
46,0.0
47,0.0
48,0.0
49,0.0
50,0.0
51,0.0
52,0.0
53,0.0
54,0.0
55,0.0
56,0.0
57,0.0
58,0.0
59,0.0
60,0.0
62,0.0
63,0.0
64,0.0
65,0.0
67,0.0
68,0.0
69,0.0
70,0.0
71,0.0
72,0.0
73,0.0
74,0.0
75,0.0
76,0.0
77,0.0
78,0.0
79,0.0
80,0.0
81,0.0
82,0.0
83,0.0
84,0.0
85,0.0
87,0.0
88,0.0
90,0.0
91,0.0
92,0.0
93,0.0
94,0.0
95,0.0
96,0.0
97,0.0
98,0.0
99,0.0
100,0.0
102,0.0
103,0.0
104,0.0
106,0.0
107,0.0
108,0.0
110,0.0
111,0.0
112,0.0
113,0.0
114,0.0
115,0.0
116,0.0
117,0.0
118,0.0
119,0.0
120,0.0
121,0.0
122,0.0
123,0.0
124,0.0
125,0.0
127,0.0
128,0.0
129,0.0
130,0.0
131,0.0
132,0.0
133,0.0
134,0.0
136,0.0
137,0.0
138,0.0
139,0.0
141,0.0
142,0.0
143,0.0
144,0.0
145,0.0
146,0.0
147,0.0
150,0.0
151,0.0
152,0.0
153,0.0
154,0.0
155,0.0
156,0.0
157,0.0
158,0.0
159,0.0
160,0.0
161,0.0
162,0.0
163,0.0
164,0.0
165,0.0
166,0.0
167,0.0
169,0.0
170,0.0
171,0.0
172,0.0
173,0.0
174,0.0
175,0.0
176,0.0
177,0.0
178,0.0
179,0.0
180,0.0
182,0.0
184,0.0
185,0.0
187,0.0
188,0.0
189,0.0
190,0.0
191,0.0
192,0.0
193,0.0
194,0.0
195,0.0
196,0.0
197,0.0
198,0.0
200,0.0
201,0.0
202,0.0
203,0.0
205,0.0
206,0.0
207,0.0
208,0.0
209,0.0
210,0.0
212,0.0
213,0.0
214,0.0
215,0.0
216,0.0
217,0.0
218,0.0
221,0.0
222,0.0
223,0.0
224,0.0
225,0.0
226,0.0
227,0.0
228,0.0
229,0.0
231,0.0
232,0.0
233,0.0
234,0.0
235,0.0
236,0.0
237,0.0
238,0.0
239,0.0
240,0.0
242,0.0
243,0.0
244,0.0
245,0.0
246,0.0
247,0.0
248,0.0
249,0.0
250,0.0
251,0.0
255,0.0
256,0.0
257,0.0
259,0.0
260,0.0
261,0.0
263,0.0
264,0.0
266,0.0
267,0.0
268,0.0
269,0.0
270,0.0
271,0.0
272,0.0
273,0.0
274,0.0
275,0.0
276,0.0
277,0.0
278,0.0
279,0.0
280,0.0
281,0.0
282,0.0
283,0.0
284,0.0
285,0.0
286,0.0
287,0.0
289,0.0
290,0.0
291,0.0
292,0.0
293,0.0
295,0.0
296,0.0
297,0.0
299,0.0
300,0.0
301,0.0
302,0.0
303,0.0
305,0.0
307,0.0
309,0.0
310,0.0
313,0.0
315,0.0
317,0.0
318,0.0
319,0.0
320,0.0
321,0.0
322,0.0
323,0.0
324,0.0
325,0.0
326,0.0
328,0.0
330,0.0
332,0.0
333,0.0
336,0.0
337,0.0
338,0.0
339,0.0
340,0.0
341,0.0
342,0.0
343,0.0
344,0.0
345,0.0
346,0.0
347,0.0
348,0.0
349,0.0
350,0.0
351,0.0
352,0.0
353,0.0
354,0.0
356,0.0
359,0.0
361,0.0
362,0.0
363,0.0
365,0.0
366,0.0
367,0.0
368,0.0
369,0.0
370,0.0
371,0.0
372,0.0
373,0.0
374,0.0
375,0.0
376,0.0
377,0.0
378,0.0
379,0.0
380,0.0
381,0.0
384,0.0
385,0.0
386,0.0
387,0.0
388,0.0
389,0.0
390,0.0
391,0.0
392,0.0
393,0.0
394,0.0
395,0.0
396,0.0
397,0.0
398,0.0
399,0.0
400,0.0
401,0.0
403,0.0
404,0.0
405,0.0
406,0.0
407,0.0
408,0.0
409,0.0
410,0.0
411,0.0
412,0.0
413,0.0
414,0.0
416,0.0
417,0.0
418,0.0
419,0.0
420,0.0
421,0.0
422,0.0
423,0.0
424,0.0
425,0.0
426,0.0
428,0.0
430,0.0
432,0.0
433,0.0
434,0.0
436,0.0
437,0.0
439,0.0
440,0.0
441,0.0
442,0.0
443,0.0
445,0.0
446,0.0
447,0.0
448,0.0
449,0.0
450,0.0
451,0.0
452,0.0
454,0.0
456,0.0
458,0.0
461,0.0
462,0.0
464,0.0
466,0.0
467,0.0
468,0.0
469,0.0
470,0.0
473,0.0
474,0.0
476,0.0
477,0.0
478,0.0
479,0.0
480,0.0
482,0.0
483,0.0
484,0.0
485,0.0
486,0.0
487,0.0
488,0.0
489,0.0
490,0.0
491,0.0
492,0.0
493,0.0
494,0.0
495,0.0
496,0.0
497,0.0
499,0.0
501,0.0
502,0.0
503,0.0
504,0.0
505,0.0
506,0.0
507,0.0
508,0.0
510,0.0
511,0.0
512,0.0
514,0.0
515,0.0
516,0.0
517,0.0
518,0.0
520,0.0
522,0.0
523,0.0
524,0.0
525,0.0
526,0.0
527,0.0
528,0.0
529,0.0
530,0.0
532,0.0
533,0.0
534,0.0
535,0.0
536,0.0
537,0.0
539,0.0
540,0.0
541,0.0
543,0.0
544,0.0
545,0.0
546,0.0
547,0.0
548,0.0
549,0.0
550,0.0
551,0.0
552,0.0
553,0.0
554,0.0
555,0.0
558,0.0
559,0.0
560,0.0
561,0.0
562,0.0
563,0.0
564,0.0
565,0.0
566,0.0
569,0.0
571,0.0
572,0.0
573,0.0
574,0.0
575,0.0
576,0.0
577,0.0
578,0.0
579,0.0
580,0.0
582,0.0
583,0.0
584,0.0
585,0.0
586,0.0
587,0.0
588,0.0
589,0.0
591,0.0
592,0.0
593,0.0
594,0.0
595,0.0
596,0.0
597,0.0
599,0.0
601,0.0
603,0.0
604,0.0
605,0.0
606,0.0
607,0.0
608,0.0
609,0.0
610,0.0
611,0.0
612,0.0
613,0.0
614,0.0
615,0.0
616,0.0
617,0.0
618,0.0
620,0.0
622,0.0
623,0.0
624,0.0
625,0.0
626,0.0
627,0.0
628,0.0
629,0.0
630,0.0
631,0.0
632,0.0
635,0.0
636,0.0
637,0.0
639,0.0
640,0.0
641,0.0
642,0.0
644,0.0
646,0.0
647,0.0
648,0.0
649,0.0
650,0.0
652,0.0
654,0.0
655,0.0
656,0.0
657,0.0
658,0.0
660,0.0
661,0.0
662,0.0
663,0.0
664,0.0
665,0.0
666,0.0
667,0.0
668,0.0
669,0.0
670,0.0
671,0.0
673,0.0
674,0.0
678,0.0
679,0.0
680,0.0
681,0.0
682,0.0
683,0.0
685,0.0
686,0.0
687,0.0
688,0.0
691,0.0
693,0.0
694,0.0
695,0.0
696,0.0
697,0.0
699,0.0
701,0.0
702,0.0
703,0.0
704,0.0
705,0.0
706,0.0
707,0.0
709,0.0
710,0.0
711,0.0
712,0.0
715,0.0
716,0.0
717,0.0
718,0.0
719,0.0
720,0.0
722,0.0
723,0.0
724,0.0
725,0.0
726,0.0
727,0.0
728,0.0
729,0.0
730,0.0
731,0.0
733,0.0
734,0.0
735,0.0
736,0.0
737,0.0
738,0.0
739,0.0
740,0.0
741,0.0
742,0.0
745,0.0
747,0.0
748,0.0
749,0.0
750,0.0
751,0.0
753,0.0
754,0.0
755,0.0
756,0.0
757,0.0
758,0.0
759,0.0
760,0.0
762,0.0
763,0.0
764,0.0
765,0.0
766,0.0
767,0.0
769,0.0
770,0.0
771,0.0
772,0.0
773,0.0
774,0.0
776,0.0
777,0.0
778,0.0
779,0.0
781,0.0
782,0.0
783,0.0
785,0.0
786,0.0
787,0.0
788,0.0
789,0.0
791,0.0
792,0.0
793,0.0
794,0.0
795,0.0
797,0.0
798,0.0
800,0.0
801,0.0
802,0.0
803,0.0
805,0.0
806,0.0
808,0.0
809,0.0
810,0.0
811,0.0
813,0.0
814,0.0
815,0.0
816,0.0
817,0.0
819,0.0
820,0.0
823,0.0
825,0.0
826,0.0
827,0.0
829,0.0
830,0.0
833,0.0
834,0.0
835,0.0
836,0.0
837,0.0
838,0.0
839,0.0
840,0.0
841,0.0
842,0.0
843,0.0
845,0.0
846,0.0
847,0.0
848,0.0
849,0.0
850,0.0
851,0.0
853,0.0
854,0.0
856,0.0
857,0.0
858,0.0
859,0.0
860,0.0
861,0.0
863,0.0
864,0.0
865,0.0
866,0.0
867,0.0
868,0.0
869,0.0
870,0.0
871,0.0
872,0.0
874,0.0
875,0.0
876,0.0
878,0.0
880,0.0
881,0.0
882,0.0
883,0.0
884,0.0
885,0.0
887,0.0
888,0.0
889,0.0
890,0.0
891,0.0
892,0.0
893,0.0
894,0.0
895,0.0
896,0.0
898,0.0
899,0.0
900,0.0
902,0.0
903,0.0
904,0.0
906,0.0
907,0.0
909,0.0
910,0.0
911,0.0
913,0.0
914,0.0
915,0.0
916,0.0
917,0.0
918,0.0
919,0.0
921,0.0
923,0.0
924,0.0
925,0.0
926,0.0
927,0.0
928,0.0
929,0.0
931,0.0
932,0.0
933,0.0
934,0.0
935,0.0
936,0.0
937,0.0
938,0.0
940,0.0
941,0.0
942,0.0
943,0.0
945,0.0
947,0.0
948,0.0
949,0.0
951,0.0
952,0.0
953,0.0
954,0.0
955,0.0
956,0.0
957,0.0
958,0.0
959,0.0
960,0.0
961,0.0
962,0.0
963,0.0
964,0.0
966,0.0
967,0.0
968,0.0
969,0.0
971,0.0
972,0.0
973,0.0
974,0.0
975,0.0
977,0.0
978,0.0
979,0.0
980,0.0
981,0.0
982,0.0
983,0.0
985,0.0
986,0.0
987,0.0
988,0.0
989,0.0
991,0.0
992,0.0
994,0.0
997,0.0
998,0.0
999,0.0
1000,0.0
1002,0.0
1003,0.0
1004,0.0
1005,0.0
1006,0.0
1008,0.0
1011,0.0
1012,0.0
1013,0.0
1015,0.0
1016,0.0
1017,0.0
1018,0.0
1019,0.0
1020,0.0
1022,0.0
1023,0.0
1024,0.0
1025,0.0
1026,0.0
1027,0.0
1028,0.0
1029,0.0
1030,0.0
1031,0.0
1032,0.0
1033,0.0
1034,0.0
1035,0.0
1036,0.0
1037,0.0
1038,0.0
1039,0.0
1041,0.0
1042,0.0
1043,0.0
1044,0.0
1045,0.0
1046,0.0
1047,0.0
1048,0.0
1049,0.0
1050,0.0
1051,0.0
1052,0.0
1054,0.0
1055,0.0
1056,0.0
1059,0.0
1060,0.0
1061,0.0
1063,0.0
1064,0.0
1065,0.0
1066,0.0
1067,0.0
1068,0.0
1069,0.0
1070,0.0
1071,0.0
1072,0.0
1073,0.0
1074,0.0
1075,0.0
1076,0.0
1077,0.0
1079,0.0
1080,0.0
1081,0.0
1082,0.0
1083,0.0
1084,0.0
1086,0.0
1087,0.0
1088,0.0
1089,0.0
1090,0.0
1091,0.0
1092,0.0
1094,0.0
1095,0.0
1096,0.0
1097,0.0
1098,0.0
1099,0.0
1100,0.0
1103,0.0
1107,0.0
1108,0.0
1109,0.0
1110,0.0
1112,0.0
1113,0.0
1116,0.0
1117,0.0
1119,0.0
1120,0.0
1121,0.0
1122,0.0
1123,0.0
1124,0.0
1125,0.0
1126,0.0
1127,0.0
1128,0.0
1129,0.0
1130,0.0
1131,0.0
1135,0.0
1136,0.0
1137,0.0
1140,0.0
1141,0.0
1142,0.0
1143,0.0
1144,0.0
1145,0.0
1146,0.0
1147,0.0
1148,0.0
1150,0.0
1151,0.0
1152,0.0
1153,0.0
1154,0.0
1155,0.0
1156,0.0
1157,0.0
1158,0.0
1159,0.0
1160,0.0
1161,0.0
1162,0.0
1163,0.0
1164,0.0
1165,0.0
1166,0.0
1167,0.0
1168,0.0
1169,0.0
1170,0.0
1171,0.0
1172,0.0
1173,0.0
1175,0.0
1176,0.0
1177,0.0
1178,0.0
1181,0.0
1182,0.0
1183,0.0
1184,0.0
1185,0.0
1186,0.0
1187,0.0
1188,0.0
1189,0.0
1190,0.0
1191,0.0
1192,0.0
1193,0.0
1196,0.0
1198,0.0
1199,0.0
1202,0.0
1204,0.0
1205,0.0
1206,0.0
1207,0.0
1208,0.0
1209,0.0
1210,0.0
1211,0.0
1212,0.0
1213,0.0
1214,0.0
1215,0.0
1216,0.0
1218,0.0
1219,0.0
1220,0.0
1221,0.0
1222,0.0
1223,0.0
1224,0.0
1225,0.0
1226,0.0
1227,0.0
1228,0.0
1229,0.0
1230,0.0
1231,0.0
1232,0.0
1233,0.0
1235,0.0
1236,0.0
1237,0.0
1239,0.0
1240,0.0
1241,0.0
1242,0.0
1243,0.0
1244,0.0
1245,0.0
1246,0.0
1247,0.0
1249,0.0
1250,0.0
1251,0.0
1252,0.0
1253,0.0
1254,0.0
1255,0.0
1256,0.0
1257,0.0
1258,0.0
1260,0.0
1261,0.0
1264,0.0
1265,0.0
1267,0.0
1268,0.0
1269,0.0
1270,0.0
1272,0.0
1273,0.0
1274,0.0
1275,0.0
1276,0.0
1277,0.0
1278,0.0
1279,0.0
1280,0.0
1281,0.0
1282,0.0
1283,0.0
1284,0.0
1285,0.0
1287,0.0
1288,0.0
1289,0.0
1290,0.0
1291,0.0
1292,0.0
1293,0.0
1294,0.0
1295,0.0
1296,0.0
1297,0.0
1298,0.0
1299,0.0
1300,0.0
1301,0.0
1302,0.0
1303,0.0
1305,0.0
1307,0.0
1309,0.0
1311,0.0
1312,0.0
1313,0.0
1314,0.0
1316,0.0
1317,0.0
1318,0.0
1319,0.0
1320,0.0
1321,0.0
1324,0.0
1325,0.0
1327,0.0
1328,0.0
1330,0.0
1331,0.0
1332,0.0
1333,0.0
1334,0.0
1335,0.0
1337,0.0
1338,0.0
1339,0.0
1340,0.0
1341,0.0
1344,0.0
1345,0.0
1346,0.0
1347,0.0
1348,0.0
1349,0.0
1350,0.0
1351,0.0
1352,0.0
1353,0.0
1354,0.0
1356,0.0
1358,0.0
1359,0.0
1361,0.0
1362,0.0
1363,0.0
1364,0.0
1365,0.0
1367,0.0
1368,0.0
1369,0.0
1370,0.0
1371,0.0
1372,0.0
1373,0.0
1375,0.0
1376,0.0
1378,0.0
1379,0.0
1380,0.0
1381,0.0
1382,0.0
1383,0.0
1384,0.0
1385,0.0
1386,0.0
1387,0.0
1388,0.0
1389,0.0
1390,0.0
1392,0.0
1393,0.0
1394,0.0
1395,0.0
1396,0.0
1397,0.0
1398,0.0
1399,0.0
1400,0.0
1401,0.0
1402,0.0
1403,0.0
1404,0.0
1405,0.0
1406,0.0
1407,0.0
1408,0.0
1409,0.0
1411,0.0
1412,0.0
1413,0.0
1414,0.0
1416,0.0
1417,0.0
1418,0.0
1419,0.0
1420,0.0
1421,0.0
1422,0.0
1423,0.0
1424,0.0
1425,0.0
1426,0.0
1427,0.0
1428,0.0
1429,0.0
1430,0.0
1431,0.0
1432,0.0
1433,0.0
1434,0.0
1435,0.0
1437,0.0
1438,0.0
1439,0.0
1440,0.0
1441,0.0
1442,0.0
1443,0.0
1445,0.0
1447,0.0
1449,0.0
1450,0.0
1451,0.0
1452,0.0
1454,0.0
1455,0.0
1456,0.0
1457,0.0
1458,0.0
1459,0.0
1460,0.0
1461,0.0
1463,0.0
1464,0.0
1465,0.0
1466,0.0
1467,0.0
1468,0.0
1469,0.0
1470,0.0
1471,0.0
1472,0.0
1474,0.0
1477,0.0
1479,0.0
1480,0.0
1481,0.0
1482,0.0
1483,0.0
1484,0.0
1486,0.0
1488,0.0
1489,0.0
1490,0.0
1493,0.0
1494,0.0
1495,0.0
1496,0.0
1498,0.0
1499,0.0
1500,0.0
1501,0.0
1502,0.0
1503,0.0
1504,0.0
1505,0.0
1506,0.0
1507,0.0
1508,0.0
1509,0.0
1510,0.0
1513,0.0
1514,0.0
1515,0.0
1516,0.0
1517,0.0
1518,0.0
1519,0.0
1520,0.0
1521,0.0
1522,0.0
1523,0.0
1524,0.0
1525,0.0
1527,0.0
1528,0.0
1529,0.0
1530,0.0
1531,0.0
1532,0.0
1533,0.0
1534,0.0
1535,0.0
1536,0.0
1537,0.0
1538,0.0
1539,0.0
1540,0.0
1541,0.0
1542,0.0
1543,0.0
1544,0.0
1545,0.0
1546,0.0
1547,0.0
1548,0.0
1549,0.0
1550,0.0
1551,0.0
1555,0.0
1556,0.0
1557,0.0
1558,0.0
1559,0.0
1560,0.0
1561,0.0
1562,0.0
1564,0.0
1565,0.0
1566,0.0
1567,0.0
1569,0.0
1570,0.0
1572,0.0
1573,0.0
1574,0.0
1575,0.0
1576,0.0
1577,0.0
1578,0.0
1579,0.0
1580,0.0
1581,0.0
1583,0.0
1584,0.0
1585,0.0
1586,0.0
1587,0.0
1588,0.0
1589,0.0
1590,0.0
1591,0.0
1592,0.0
1593,0.0
1595,0.0
1598,0.0
1600,0.0
1601,0.0
1602,0.0
1603,0.0
1604,0.0
1605,0.0
1606,0.0
1607,0.0
1608,0.0
1609,0.0
1610,0.0
1612,0.0
1613,0.0
1615,0.0
1616,0.0
1618,0.0
1619,0.0
1620,0.0
1624,0.0
1625,0.0
1626,0.0
1627,0.0
1628,0.0
1629,0.0
1630,0.0
1631,0.0
1632,0.0
1633,0.0
1635,0.0
1637,0.0
1639,0.0
1640,0.0
1641,0.0
1642,0.0
1644,0.0
1645,0.0
1646,0.0
1647,0.0
1648,0.0
1649,0.0
1650,0.0
1651,0.0
1652,0.0
1653,0.0
1654,0.0
1655,0.0
1656,0.0
1657,0.0
1658,0.0
1659,0.0
1660,0.0
1661,0.0
1662,0.0
1663,0.0
1664,0.0
1665,0.0
1666,0.0
1670,0.0
1671,0.0
1673,0.0
1674,0.0
1675,0.0
1677,0.0
1678,0.0
1679,0.0
1681,0.0
1682,0.0
1683,0.0
1685,0.0
1686,0.0
1687,0.0
1688,0.0
1689,0.0
1690,0.0
1691,0.0
1692,0.0
1693,0.0
1694,0.0
1695,0.0
1696,0.0
1697,0.0
1698,0.0
1699,0.0
1700,0.0
1701,0.0
1702,0.0
1703,0.0
1704,0.0
1705,0.0
1706,0.0
1707,0.0
1708,0.0
1709,0.0
1710,0.0
1711,0.0
1712,0.0
1715,0.0
1716,0.0
1717,0.0
1719,0.0
1720,0.0
1722,0.0
1723,0.0
1724,0.0
1725,0.0
1727,0.0
1729,0.0
1730,0.0
1731,0.0
1732,0.0
1733,0.0
1735,0.0
1736,0.0
1737,0.0
1738,0.0
1739,0.0
1741,0.0
1742,0.0
1743,0.0
1745,0.0
1746,0.0
1747,0.0
1748,0.0
1750,0.0
1751,0.0
1752,0.0
1753,0.0
1754,0.0
1755,0.0
1757,0.0
1758,0.0
1759,0.0
1760,0.0
1762,0.0
1763,0.0
1764,0.0
1765,0.0
1766,0.0
1767,0.0
1768,0.0
1769,0.0
1771,0.0
1772,0.0
1773,0.0
1774,0.0
1775,0.0
1776,0.0
1777,0.0
1778,0.0
1779,0.0
1780,0.0
1781,0.0
1783,0.0
1784,0.0
1785,0.0
1786,0.0
1787,0.0
1788,0.0
1791,0.0
1792,0.0
1793,0.0
1794,0.0
1795,0.0
1796,0.0
1797,0.0
1798,0.0
1799,0.0
1800,0.0
1801,0.0
1802,0.0
1803,0.0
1804,0.0
1805,0.0
1806,0.0
1807,0.0
1808,0.0
1810,0.0
1811,0.0
1812,0.0
1813,0.0
1814,0.0
1815,0.0
1816,0.0
1817,0.0
1818,0.0
1819,0.0
1821,0.0
1822,0.0
1823,0.0
1824,0.0
1826,0.0
1827,0.0
1828,0.0
1829,0.0
1830,0.0
1831,0.0
1833,0.0
1834,0.0
1835,0.0
1836,0.0
1837,0.0
1838,0.0
1839,0.0
1840,0.0
1841,0.0
1842,0.0
1843,0.0
1844,0.0
1846,0.0
1847,0.0
1848,0.0
1849,0.0
1851,0.0
1852,0.0
1853,0.0
1854,0.0
1855,0.0
1856,0.0
1857,0.0
1859,0.0
1860,0.0
1861,0.0
1862,0.0
1863,0.0
1864,0.0
1865,0.0
1867,0.0
1868,0.0
1869,0.0
1870,0.0
1871,0.0
1872,0.0
1873,0.0
1874,0.0
1875,0.0
1877,0.0
1878,0.0
1879,0.0
1880,0.0
1881,0.0
1882,0.0
1883,0.0
1884,0.0
1885,0.0
1886,0.0
1887,0.0
1888,0.0
1889,0.0
1890,0.0
1891,0.0
1892,0.0
1893,0.0
1894,0.0
1895,0.0
1896,0.0
1897,0.0
1898,0.0
1900,0.0
1901,0.0
1902,0.0
1904,0.0
1905,0.0
1906,0.0
1907,0.0
1908,0.0
1909,0.0
1910,0.0
1912,0.0
1913,0.0
1914,0.0
1915,0.0
1916,0.0
1917,0.0
1918,0.0
1919,0.0
1920,0.0
1921,0.0
1922,0.0
1923,0.0
1924,0.0
1925,0.0
1926,0.0
1927,0.0
1928,0.0
1929,0.0
1930,0.0
1931,0.0
1932,0.0
1933,0.0
1934,0.0
1935,0.0
1936,0.0
1937,0.0
1938,0.0
1939,0.0
1940,0.0
1942,0.0
1943,0.0
1944,0.0
1945,0.0
1948,0.0
1950,0.0
1952,0.0
1953,0.0
1954,0.0
1955,0.0
1959,0.0
1960,0.0
1961,0.0
1963,0.0
1965,0.0
1966,0.0
1967,0.0
1968,0.0
1969,0.0
1970,0.0
1971,0.0
1972,0.0
1973,0.0
1974,0.0
1975,0.0
1977,0.0
1978,0.0
1980,0.0
1981,0.0
1982,0.0
1983,0.0
1985,0.0
1986,0.0
1988,0.0
1989,0.0
1990,0.0
1992,0.0
1993,0.0
1994,0.0
1995,0.0
1996,0.0
1997,0.0
1998,0.0
1999,0.0
2000,0.0
2001,0.0
2002,0.0
2003,0.0
2004,0.0
2005,0.0
2007,0.0
2008,0.0
2010,0.0
2011,0.0
2014,0.0
2015,0.0
2016,0.0
2017,0.0
2018,0.0
2019,0.0
2020,0.0
2022,0.0
2023,0.0
2024,0.0
2025,0.0
2026,0.0
2027,0.0
2028,0.0
2030,0.0
2031,0.0
2033,0.0
2034,0.0
2035,0.0
2036,0.0
2038,0.0
2039,0.0
2040,0.0
2041,0.0
2042,0.0
2043,0.0
2044,0.0
2045,0.0
2047,0.0
2048,0.0
2049,0.0
2050,0.0
2052,0.0
2054,0.0
2055,0.0
2058,0.0
2059,0.0
2061,0.0
2063,0.0
2065,0.0
2066,0.0
2067,0.0
2068,0.0
2069,0.0
2070,0.0
2071,0.0
2072,0.0
2073,0.0
2074,0.0
2075,0.0
2076,0.0
2077,0.0
2078,0.0
2079,0.0
2080,0.0
2081,0.0
2082,0.0
2083,0.0
2084,0.0
2085,0.0
2086,0.0
2087,0.0
2088,0.0
2089,0.0
2091,0.0
2092,0.0
2093,0.0
2094,0.0
2095,0.0
2096,0.0
2097,0.0
2098,0.0
2099,0.0
2100,0.0
2101,0.0
2102,0.0
2104,0.0
2105,0.0
2106,0.0
2107,0.0
2108,0.0
2110,0.0
2111,0.0
2112,0.0
2113,0.0
2114,0.0
2117,0.0
2118,0.0
2119,0.0
2120,0.0
2121,0.0
2122,0.0
2123,0.0
2124,0.0
2125,0.0
2127,0.0
2128,0.0
2130,0.0
2131,0.0
2132,0.0
2133,0.0
2134,0.0
2135,0.0
2136,0.0
2138,0.0
2139,0.0
2140,0.0
2141,0.0
2142,0.0
2143,0.0
2144,0.0
2147,0.0
2148,0.0
2149,0.0
2151,0.0
2153,0.0
2154,0.0
2155,0.0
2156,0.0
2157,0.0
2158,0.0
2159,0.0
2160,0.0
2161,0.0
2162,0.0
2163,0.0
2164,0.0
2165,0.0
2167,0.0
2169,0.0
2170,0.0
2171,0.0
2173,0.0
2174,0.0
2175,0.0
2176,0.0
2177,0.0
2178,0.0
2179,0.0
2180,0.0
2181,0.0
2184,0.0
2185,0.0
2186,0.0
2187,0.0
2188,0.0
2189,0.0
2191,0.0
2192,0.0
2193,0.0
2194,0.0
2195,0.0
2196,0.0
2198,0.0
2199,0.0
2200,0.0
2201,0.0
2202,0.0
2203,0.0
2204,0.0
2206,0.0
2207,0.0
2208,0.0
2209,0.0
2211,0.0
2212,0.0
2213,0.0
2214,0.0
2215,0.0
2216,0.0
2218,0.0
2219,0.0
2220,0.0
2221,0.0
2222,0.0
2223,0.0
2224,0.0
2225,0.0
2227,0.0
2228,0.0
2230,0.0
2231,0.0
2232,0.0
2233,0.0
2234,0.0
2235,0.0
2236,0.0
2237,0.0
2238,0.0
2239,0.0
2240,0.0
2241,0.0
2242,0.0
2244,0.0
2245,0.0
2247,0.0
2248,0.0
2249,0.0
2250,0.0
2251,0.0
2252,0.0
2254,0.0
2255,0.0
2256,0.0
2257,0.0
2258,0.0
2260,0.0
2261,0.0
2262,0.0
2263,0.0
2264,0.0
2265,0.0
2266,0.0
2267,0.0
2268,0.0
2270,0.0
2271,0.0
2272,0.0
2273,0.0
2274,0.0
2276,0.0
2278,0.0
2279,0.0
2280,0.0
2282,0.0
2283,0.0
2284,0.0
2285,0.0
2286,0.0
2288,0.0
2289,0.0
2290,0.0
2291,0.0
2292,0.0
2293,0.0
2294,0.0
2295,0.0
2296,0.0
2297,0.0
2298,0.0
2299,0.0
2300,0.0
2301,0.0
2302,0.0
2303,0.0
2306,0.0
2307,0.0
2309,0.0
2310,0.0
2312,0.0
2313,0.0
2316,0.0
2318,0.0
2320,0.0
2321,0.0
2322,0.0
2323,0.0
2324,0.0
2325,0.0
2326,0.0
2327,0.0
2328,0.0
2329,0.0
2330,0.0
2332,0.0
2333,0.0
2334,0.0
2336,0.0
2337,0.0
2338,0.0
2339,0.0
2340,0.0
2341,0.0
2342,0.0
2343,0.0
2344,0.0
2345,0.0
2347,0.0
2348,0.0
2349,0.0
2350,0.0
2351,0.0
2353,0.0
2354,0.0
2355,0.0
2357,0.0
2358,0.0
2359,0.0
2361,0.0
2362,0.0
2363,0.0
2364,0.0
2366,0.0
2367,0.0
2369,0.0
2370,0.0
2371,0.0
2372,0.0
2373,0.0
2374,0.0
2375,0.0
2376,0.0
2377,0.0
2379,0.0
2381,0.0
2383,0.0
2384,0.0
2385,0.0
2386,0.0
2387,0.0
2388,0.0
2390,0.0
2391,0.0
2392,0.0
2393,0.0
2394,0.0
2395,0.0
2396,0.0
2397,0.0
2398,0.0
2399,0.0
2400,0.0
2401,0.0
2402,0.0
2403,0.0
2404,0.0
2405,0.0
2406,0.0
2407,0.0
2408,0.0
2409,0.0
2410,0.0
2411,0.0
2412,0.0
2413,0.0
2414,0.0
2415,0.0
2416,0.0
2417,0.0
2418,0.0
2420,0.0
2421,0.0
2422,0.0
2423,0.0
2424,0.0
2425,0.0
2426,0.0
2428,0.0
2430,0.0
2432,0.0
2434,0.0
2435,0.0
2436,0.0
2437,0.0
2440,0.0
2442,0.0
2443,0.0
2444,0.0
2445,0.0
2447,0.0
2448,0.0
2449,0.0
2450,0.0
2451,0.0
2452,0.0
2453,0.0
2454,0.0
2455,0.0
2456,0.0
2457,0.0
2458,0.0
2459,0.0
2460,0.0
2461,0.0
2463,0.0
2465,0.0
2466,0.0
2468,0.0
2469,0.0
2470,0.0
2472,0.0
2473,0.0
2474,0.0
2476,0.0
2477,0.0
2478,0.0
2480,0.0
2481,0.0
2482,0.0
2483,0.0
2484,0.0
2485,0.0
2486,0.0
2487,0.0
2488,0.0
2489,0.0
2490,0.0
2491,0.0
2492,0.0
2494,0.0
2495,0.0
2496,0.0
2497,0.0
2498,0.0
2499,0.0
2501,0.0
2502,0.0
2503,0.0
2504,0.0
2505,0.0
2506,0.0
2507,0.0
2508,0.0
2510,0.0
2512,0.0
2517,0.0
2518,0.0
2519,0.0
2520,0.0
2521,0.0
2522,0.0
2523,0.0
2524,0.0
2526,0.0
2527,0.0
2528,0.0
2530,0.0
2531,0.0
2532,0.0
2534,0.0
2535,0.0
2536,0.0
2537,0.0
2538,0.0
2539,0.0
2540,0.0
2542,0.0
2543,0.0
2544,0.0
2545,0.0
2546,0.0
2549,0.0
2550,0.0
2551,0.0
2552,0.0
2553,0.0
2554,0.0
2555,0.0
2556,0.0
2557,0.0
2559,0.0
2560,0.0
2561,0.0
2563,0.0
2565,0.0
2566,0.0
2567,0.0
2568,0.0
2569,0.0
2570,0.0
2571,0.0
2572,0.0
2574,0.0
2575,0.0
2576,0.0
2577,0.0
2579,0.0
2580,0.0
2582,0.0
2583,0.0
2584,0.0
2586,0.0
2589,0.0
2590,0.0
2591,0.0
2592,0.0
2593,0.0
2594,0.0
2595,0.0
2598,0.0
2600,0.0
2601,0.0
2602,0.0
2603,0.0
2604,0.0
2605,0.0
2606,0.0
2607,0.0
2608,0.0
2609,0.0
2610,0.0
2612,0.0
2614,0.0
2615,0.0
2616,0.0
2617,0.0
2618,0.0
2619,0.0
2620,0.0
2621,0.0
2622,0.0
2623,0.0
2625,0.0
2626,0.0
2627,0.0
2628,0.0
2630,0.0
2631,0.0
2632,0.0
2633,0.0
2634,0.0
2635,0.0
2636,0.0
2637,0.0
2638,0.0
2639,0.0
2640,0.0
2641,0.0
2642,0.0
2643,0.0
2644,0.0
2645,0.0
2646,0.0
2647,0.0
2648,0.0
2649,0.0
2650,0.0
2651,0.0
2653,0.0
2654,0.0
2655,0.0
2656,0.0
2657,0.0
2658,0.0
2659,0.0
2660,0.0
2661,0.0
2662,0.0
2663,0.0
2664,0.0
2665,0.0
2666,0.0
2667,0.0
2668,0.0
2669,0.0
2671,0.0
2672,0.0
2673,0.0
2674,0.0
2675,0.0
2676,0.0
2677,0.0
2678,0.0
2679,0.0
2680,0.0
2681,0.0
2683,0.0
2684,0.0
2686,0.0
2687,0.0
2688,0.0
2689,0.0
2690,0.0
2691,0.0
2692,0.0
2693,0.0
2694,0.0
2696,0.0
2697,0.0
2699,0.0
2700,0.0
2701,0.0
2702,0.0
2703,0.0
2704,0.0
2705,0.0
2706,0.0
2709,0.0
2710,0.0
2712,0.0
2713,0.0
2714,0.0
2715,0.0
2718,0.0
2719,0.0
2720,0.0
2721,0.0
2722,0.0
2723,0.0
2724,0.0
2725,0.0
2726,0.0
2727,0.0
2728,0.0
2729,0.0
2731,0.0
2732,0.0
2735,0.0
2736,0.0
2737,0.0
2739,0.0
2740,0.0
2741,0.0
2742,0.0
2743,0.0
2744,0.0
2745,0.0
2746,0.0
2747,0.0
2748,0.0
2751,0.0
2752,0.0
2753,0.0
2754,0.0
2755,0.0
2756,0.0
2757,0.0
2758,0.0
2759,0.0
2760,0.0
2762,0.0
2763,0.0
2764,0.0
2765,0.0
2766,0.0
2768,0.0
2769,0.0
2770,0.0
2771,0.0
2772,0.0
2773,0.0
2774,0.0
2775,0.0
2776,0.0
2777,0.0
2778,0.0
2780,0.0
2781,0.0
2782,0.0
2783,0.0
2786,0.0
2788,0.0
2789,0.0
2791,0.0
2793,0.0
2796,0.0
2797,0.0
2798,0.0
2800,0.0
2801,0.0
2802,0.0
2803,0.0
2804,0.0
2805,0.0
2806,0.0
2809,0.0
2810,0.0
2811,0.0
2812,0.0
2813,0.0
2814,0.0
2815,0.0
2817,0.0
2818,0.0
2819,0.0
2820,0.0
2821,0.0
2822,0.0
2823,0.0
2825,0.0
2826,0.0
2827,0.0
2828,0.0
2829,0.0
2832,0.0
2833,0.0
2836,0.0
2837,0.0
2838,0.0
2839,0.0
2840,0.0
2841,0.0
2842,0.0
2844,0.0
2845,0.0
2846,0.0
2847,0.0
2848,0.0
2849,0.0
2850,0.0
2851,0.0
2852,0.0
2853,0.0
2854,0.0
2855,0.0
2856,0.0
2857,0.0
2858,0.0
2859,0.0
2861,0.0
2862,0.0
2863,0.0
2864,0.0
2866,0.0
2867,0.0
2868,0.0
2869,0.0
2870,0.0
2871,0.0
2872,0.0
2873,0.0
2874,0.0
2876,0.0
2878,0.0
2879,0.0
2880,0.0
2881,0.0
2882,0.0
2883,0.0
2884,0.0
2885,0.0
2886,0.0
2887,0.0
2888,0.0
2889,0.0
2890,0.0
2891,0.0
2892,0.0
2894,0.0
2895,0.0
2896,0.0
2898,0.0
2899,0.0
2900,0.0
2901,0.0
2902,0.0
2903,0.0
2904,0.0
2905,0.0
2906,0.0
2907,0.0
2908,0.0
2910,0.0
2911,0.0
2912,0.0
2913,0.0
2914,0.0
2915,0.0
2916,0.0
2917,0.0
2918,0.0
2921,0.0
2924,0.0
2925,0.0
2926,0.0
2927,0.0
2928,0.0
2929,0.0
2930,0.0
2931,0.0
2932,0.0
2933,0.0
2934,0.0
2935,0.0
2936,0.0
2938,0.0
2939,0.0
2940,0.0
2941,0.0
2942,0.0
2943,0.0
2944,0.0
2945,0.0
2946,0.0
2948,0.0
2949,0.0
2950,0.0
2951,0.0
2952,0.0
2954,0.0
2955,0.0
2956,0.0
2957,0.0
2958,0.0
2959,0.0
2960,0.0
2961,0.0
2962,0.0
2963,0.0
2964,0.0
2965,0.0
2967,0.0
2970,0.0
2971,0.0
2972,0.0
2973,0.0
2974,0.0
2977,0.0
2978,0.0
2979,0.0
2980,0.0
2981,0.0
2982,0.0
2983,0.0
2984,0.0
2986,0.0
2987,0.0
2988,0.0
2989,0.0
2990,0.0
2991,0.0
2992,0.0
2993,0.0
2994,0.0
2995,0.0
2996,0.0
2997,0.0
2999,0.0
3000,0.0
3001,0.0
3002,0.0
3003,0.0
3004,0.0
3005,0.0
3007,0.0
3008,0.0
3009,0.0
3010,0.0
3011,0.0
3012,0.0
3013,0.0
3014,0.0
3015,0.0
3016,0.0
3017,0.0
3018,0.0
3019,0.0
3020,0.0
3021,0.0
3022,0.0
3023,0.0
3024,0.0
3025,0.0
3026,0.0
3027,0.0
3028,0.0
3030,0.0
3031,0.0
3032,0.0
3034,0.0
3035,0.0
3036,0.0
3037,0.0
3040,0.0
3041,0.0
3042,0.0
3043,0.0
3044,0.0
3045,0.0
3046,0.0
3047,0.0
3048,0.0
3049,0.0
3050,0.0
3051,0.0
3052,0.0
3054,0.0
3055,0.0
3056,0.0
3057,0.0
3058,0.0
3059,0.0
3061,0.0
3062,0.0
3063,0.0
3064,0.0
3065,0.0
3066,0.0
3069,0.0
3070,0.0
3074,0.0
3075,0.0
3077,0.0
3078,0.0
3079,0.0
3083,0.0
3084,0.0
3085,0.0
3086,0.0
3087,0.0
3088,0.0
3089,0.0
3090,0.0
3092,0.0
3093,0.0
3094,0.0
3095,0.0
3096,0.0
3098,0.0
3100,0.0
3101,0.0
3102,0.0
3103,0.0
3104,0.0
3105,0.0
3107,0.0
3108,0.0
3109,0.0
3110,0.0
3111,0.0
3112,0.0
3113,0.0
3114,0.0
3115,0.0
3116,0.0
3117,0.0
3118,0.0
3119,0.0
3120,0.0
3121,0.0
3122,0.0
3123,0.0
3124,0.0
3126,0.0
3127,0.0
3129,0.0
3130,0.0
3131,0.0
3132,0.0
3133,0.0
3135,0.0
3136,0.0
3137,0.0
3138,0.0
3140,0.0
3141,0.0
3142,0.0
3143,0.0
3144,0.0
3145,0.0
3146,0.0
3147,0.0
3148,0.0
3149,0.0
3150,0.0
3151,0.0
3152,0.0
3153,0.0
3155,0.0
3156,0.0
3157,0.0
3158,0.0
3161,0.0
3162,0.0
3163,0.0
3166,0.0
3167,0.0
3168,0.0
3169,0.0
3170,0.0
3171,0.0
3172,0.0
3173,0.0
3174,0.0
3175,0.0
3176,0.0
3177,0.0
3178,0.0
3179,0.0
3180,0.0
3183,0.0
3184,0.0
3185,0.0
3186,0.0
3188,0.0
3189,0.0
3190,0.0
3191,0.0
3192,0.0
3193,0.0
3194,0.0
3195,0.0
3196,0.0
3197,0.0
3198,0.0
3199,0.0
3201,0.0
3202,0.0
3203,0.0
3204,0.0
3205,0.0
3206,0.0
3207,0.0
3208,0.0
3214,0.0
3215,0.0
3216,0.0
3218,0.0
3220,0.0
3221,0.0
3222,0.0
3223,0.0
3224,0.0
3225,0.0
3226,0.0
3227,0.0
3228,0.0
3229,0.0
3230,0.0
3231,0.0
3232,0.0
3233,0.0
3234,0.0
3235,0.0
3236,0.0
3237,0.0
3238,0.0
3239,0.0
3240,0.0
3243,0.0
3244,0.0
3246,0.0
3248,0.0
3250,0.0
3251,0.0
3252,0.0
3254,0.0
3255,0.0
3256,0.0
3257,0.0
3259,0.0
3260,0.0
3261,0.0
3262,0.0
3265,0.0
3266,0.0
3271,0.0
3272,0.0
3273,0.0
3274,0.0
3276,0.0
3277,0.0
3278,0.0
3279,0.0
3280,0.0
3281,0.0
3282,0.0
3284,0.0
3286,0.0
3287,0.0
3288,0.0
3289,0.0
3290,0.0
3291,0.0
3293,0.0
3295,0.0
3296,0.0
3297,0.0
3298,0.0
3299,0.0
3300,0.0
3301,0.0
3303,0.0
3304,0.0
3305,0.0
3306,0.0
3307,0.0
3308,0.0
3310,0.0
3311,0.0
3312,0.0
3313,0.0
3314,0.0
3315,0.0
3317,0.0
3318,0.0
3319,0.0
3320,0.0
3321,0.0
3322,0.0
3323,0.0
3324,0.0
3325,0.0
3326,0.0
3328,0.0
3330,0.0
3331,0.0
3332,0.0
3333,0.0
3334,0.0
3335,0.0
3338,0.0
3339,0.0
3340,0.0
3341,0.0
3342,0.0
3344,0.0
3345,0.0
3346,0.0
3347,0.0
3348,0.0
3349,0.0
3350,0.0
3351,0.0
3352,0.0
3353,0.0
3355,0.0
3356,0.0
3357,0.0
3358,0.0
3359,0.0
3360,0.0
3361,0.0
3362,0.0
3364,0.0
3365,0.0
3366,0.0
3367,0.0
3368,0.0
3369,0.0
3370,0.0
3371,0.0
3372,0.0
3373,0.0
3374,0.0
3375,0.0
3376,0.0
3377,0.0
3379,0.0
3380,0.0
3381,0.0
3382,0.0
3384,0.0
3385,0.0
3386,0.0
3389,0.0
3390,0.0
3391,0.0
3392,0.0
3394,0.0
3396,0.0
3397,0.0
3398,0.0
3399,0.0
3401,0.0
3403,0.0
3404,0.0
3405,0.0
3406,0.0
3407,0.0
3408,0.0
3409,0.0
3410,0.0
3411,0.0
3412,0.0
3413,0.0
3414,0.0
3416,0.0
3417,0.0
3418,0.0
3420,0.0
3421,0.0
3422,0.0
3423,0.0
3424,0.0
3425,0.0
3426,0.0
3427,0.0
3428,0.0
3429,0.0
3430,0.0
3431,0.0
3432,0.0
3433,0.0
3435,0.0
3436,0.0
3437,0.0
3440,0.0
3442,0.0
3443,0.0
3444,0.0
3447,0.0
3449,0.0
3450,0.0
3451,0.0
3453,0.0
3454,0.0
3455,0.0
3456,0.0
3457,0.0
3458,0.0
3459,0.0
3461,0.0
3463,0.0
3465,0.0
3466,0.0
3467,0.0
3468,0.0
3470,0.0
3472,0.0
3473,0.0
3475,0.0
3476,0.0
3477,0.0
3478,0.0
3479,0.0
3480,0.0
3482,0.0
3483,0.0
3485,0.0
3486,0.0
3489,0.0
3490,0.0
3491,0.0
3492,0.0
3494,0.0
3496,0.0
3497,0.0
3498,0.0
3499,0.0
3500,0.0
3501,0.0
3502,0.0
3503,0.0
3504,0.0
3505,0.0
3506,0.0
3508,0.0
3509,0.0
3510,0.0
3511,0.0
3512,0.0
3513,0.0
3514,0.0
3515,0.0
3518,0.0
3519,0.0
3522,0.0
3523,0.0
3524,0.0
3526,0.0
3528,0.0
3529,0.0
3530,0.0
3531,0.0
3532,0.0
3533,0.0
3534,0.0
3535,0.0
3537,0.0
3538,0.0
3539,0.0
3540,0.0
3541,0.0
3542,0.0
3543,0.0
3544,0.0
3545,0.0
3547,0.0
3548,0.0
3549,0.0
3551,0.0
3553,0.0
3554,0.0
3556,0.0
3557,0.0
3558,0.0
3559,0.0
3561,0.0
3562,0.0
3563,0.0
3565,0.0
3568,0.0
3570,0.0
3571,0.0
3573,0.0
3574,0.0
3575,0.0
3576,0.0
3577,0.0
3579,0.0
3580,0.0
3581,0.0
3582,0.0
3583,0.0
3584,0.0
3585,0.0
3586,0.0
3587,0.0
3588,0.0
3589,0.0
3590,0.0
3591,0.0
3592,0.0
3593,0.0
3594,0.0
3596,0.0
3597,0.0
3600,0.0
3601,0.0
3602,0.0
3603,0.0
3604,0.0
3605,0.0
3606,0.0
3607,0.0
3608,0.0
3609,0.0
3610,0.0
3611,0.0
3612,0.0
3615,0.0
3616,0.0
3617,0.0
3618,0.0
3621,0.0
3624,0.0
3625,0.0
3626,0.0
3627,0.0
3628,0.0
3629,0.0
3630,0.0
3631,0.0
3633,0.0
3634,0.0
3636,0.0
3637,0.0
3638,0.0
3639,0.0
3642,0.0
3643,0.0
3644,0.0
3646,0.0
3648,0.0
3649,0.0
3650,0.0
3651,0.0
3652,0.0
3653,0.0
3654,0.0
3655,0.0
3656,0.0
3657,0.0
3658,0.0
3659,0.0
3660,0.0
3661,0.0
3662,0.0
3663,0.0
3664,0.0
3665,0.0
3666,0.0
3667,0.0
3669,0.0
3671,0.0
3672,0.0
3673,0.0
3674,0.0
3675,0.0
3676,0.0
3677,0.0
3678,0.0
3679,0.0
3680,0.0
3681,0.0
3682,0.0
3683,0.0
3684,0.0
3685,0.0
3686,0.0
3687,0.0
3688,0.0
3690,0.0
3691,0.0
3692,0.0
3693,0.0
3694,0.0
3695,0.0
3696,0.0
3698,0.0
3699,0.0
3700,0.0
3701,0.0
3702,0.0
3703,0.0
3704,0.0
3705,0.0
3706,0.0
3707,0.0
3709,0.0
3710,0.0
3711,0.0
3712,0.0
3713,0.0
3715,0.0
3716,0.0
3717,0.0
3718,0.0
3719,0.0
3720,0.0
3721,0.0
3724,0.0
3725,0.0
3727,0.0
3729,0.0
3730,0.0
3731,0.0
3733,0.0
3734,0.0
3735,0.0
3736,0.0
3737,0.0
3738,0.0
3739,0.0
3740,0.0
3741,0.0
3742,0.0
3743,0.0
3744,0.0
3745,0.0
3746,0.0
3747,0.0
3748,0.0
3749,0.0
3750,0.0
3752,0.0
3753,0.0
3754,0.0
3755,0.0
3756,0.0
3758,0.0
3759,0.0
3760,0.0
3761,0.0
3762,0.0
3763,0.0
3764,0.0
3765,0.0
3767,0.0
3768,0.0
3769,0.0
3770,0.0
3771,0.0
3772,0.0
3773,0.0
3774,0.0
3775,0.0
3776,0.0
3777,0.0
3778,0.0
3779,0.0
3780,0.0
3782,0.0
3783,0.0
3784,0.0
3785,0.0
3786,0.0
3787,0.0
3788,0.0
3789,0.0
3790,0.0
3791,0.0
3792,0.0
3793,0.0
3794,0.0
3795,0.0
3796,0.0
3797,0.0
3798,0.0
3799,0.0
3800,0.0
3801,0.0
3803,0.0
3804,0.0
3805,0.0
3806,0.0
3807,0.0
3808,0.0
3809,0.0
3810,0.0
3811,0.0
3812,0.0
3813,0.0
3814,0.0
3815,0.0
3816,0.0
3818,0.0
3819,0.0
3821,0.0
3822,0.0
3825,0.0
3826,0.0
3829,0.0
3831,0.0
3833,0.0
3834,0.0
3835,0.0
3837,0.0
3839,0.0
3840,0.0
3841,0.0
3842,0.0
3843,0.0
3845,0.0
3846,0.0
3847,0.0
3850,0.0
3851,0.0
3852,0.0
3853,0.0
3854,0.0
3855,0.0
3856,0.0
3857,0.0
3858,0.0
3860,0.0
3861,0.0
3862,0.0
3863,0.0
3864,0.0
3865,0.0
3866,0.0
3867,0.0
3868,0.0
3869,0.0
3870,0.0
3871,0.0
3873,0.0
3874,0.0
3875,0.0
3877,0.0
3878,0.0
3879,0.0
3880,0.0
3881,0.0
3883,0.0
3885,0.0
3886,0.0
3887,0.0
3888,0.0
3889,0.0
3890,0.0
3891,0.0
3892,0.0
3894,0.0
3895,0.0
3896,0.0
3897,0.0
3898,0.0
3899,0.0
3901,0.0
3902,0.0
3903,0.0
3904,0.0
3905,0.0
3906,0.0
3907,0.0
3908,0.0
3909,0.0
3910,0.0
3911,0.0
3912,0.0
3913,0.0
3914,0.0
3915,0.0
3917,0.0
3919,0.0
3921,0.0
3922,0.0
3923,0.0
3924,0.0
3925,0.0
3926,0.0
3927,0.0
3928,0.0
3929,0.0
3930,0.0
3931,0.0
3932,0.0
3933,0.0
3934,0.0
3935,0.0
3936,0.0
3937,0.0
3938,0.0
3939,0.0
3940,0.0
3942,0.0
3943,0.0
3944,0.0
3945,0.0
3946,0.0
3948,0.0
3949,0.0
3950,0.0
3951,0.0
3952,0.0
3953,0.0
3954,0.0
3957,0.0
3958,0.0
3959,0.0
3960,0.0
3962,0.0
3963,0.0
3965,0.0
3966,0.0
3967,0.0
3968,0.0
3969,0.0
3970,0.0
3971,0.0
3972,0.0
3974,0.0
3976,0.0
3977,0.0
3980,0.0
3981,0.0
3982,0.0
3983,0.0
3984,0.0
3985,0.0
3986,0.0
3987,0.0
3988,0.0
3989,0.0
3991,0.0
3992,0.0
3993,0.0
3994,0.0
3996,0.0
3997,0.0
3999,0.0
4000,0.0
4002,0.0
4005,0.0
4007,0.0
4008,0.0
4009,0.0
4010,0.0
4012,0.0
4013,0.0
4014,0.0
4015,0.0
4016,0.0
4018,0.0
4019,0.0
4020,0.0
4021,0.0
4022,0.0
4023,0.0
4024,0.0
4025,0.0
4027,0.0
4031,0.0
4033,0.0
4034,0.0
4035,0.0
4036,0.0
4039,0.0
4040,0.0
4041,0.0
4042,0.0
4044,0.0
4045,0.0
4046,0.0
4047,0.0
4048,0.0
4049,0.0
4050,0.0
4051,0.0
4052,0.0
4053,0.0
4054,0.0
4055,0.0
4056,0.0
4057,0.0
4058,0.0
4059,0.0
4061,0.0
4062,0.0
4063,0.0
4064,0.0
4065,0.0
4066,0.0
4067,0.0
4068,0.0
4069,0.0
4070,0.0
4071,0.0
4072,0.0
4073,0.0
4074,0.0
4075,0.0
4077,0.0
4079,0.0
4080,0.0
4081,0.0
4082,0.0
4083,0.0
4084,0.0
4085,0.0
4086,0.0
4087,0.0
4088,0.0
4089,0.0
4090,0.0
4091,0.0
4092,0.0
4094,0.0
3053,-8.927018750899407e-05
3438,-0.0001343536271849799
3484,-0.006454822763683287
732,-0.007099530064850204
2319,-0.008181434155615517
897,-0.009603237435543923
3446,-0.009635863228394386
31,-0.010600040450707999
818,-0.01114372430798849
2032,-0.01182619906515559
2365,-0.012050723691726306
383,-0.012553927505902517
1326,-0.013812463818008408
1201,-0.017372735101972243
996,-0.017697774972627287
2750,-0.01799240972605669
2795,-0.01840585508585751
2090,-0.019056771163537663
2029,-0.019775583589135434
3200,-0.020191949164749506
692,-0.020191950568450176
912,-0.020327378595015395
653,-0.02138514366860736
1007,-0.021418901562704998
2053,-0.023937017144258083
204,-0.025420150511017203
2922,-0.02586853991713479
784,-0.02644678436538394
86,-0.02764550031396288
1636,-0.031889837820883324
427,-0.033459747471627596
382,-0.033668937303529586
3832,-0.035230217915545724
1672,-0.0358631375810058
2315,-0.03625176963918787
475,-0.03726245845395497
3998,-0.03859780530837668
2380,-0.038894581393396424
1323,-0.03909994711582407
2168,-0.03945201375628181
3082,-0.04071663556509684
2711,-0.040926556655167146
2229,-0.0409347119551771
3882,-0.042885215665545866
2919,-0.043237665465996965
3817,-0.043282780040438576
1391,-0.044441747391271366
241,-0.04472852120606689
3569,-0.045419910848999025
3460,-0.04588743941918465
1946,-0.04769925756824083
2060,-0.0479974813071909
3139,-0.04822711948857876
3091,-0.04872532552428397
3452,-0.05014613258858602
976,-0.05113866416413036
357,-0.05167999615025408
3820,-0.052761379629452224
3160,-0.05462549379259316
3336,-0.05587748083564899
306,-0.05828417019021792
828,-0.05840737023080311
521,-0.05898706161948254
2037,-0.059095767616639795
360,-0.059122488353360855
2129,-0.05919979169184848
821,-0.05953882160164309
1001,-0.06085343464313975
2246,-0.0609690248336122
39,-0.061725650711052224
3258,-0.06268931437019531
1987,-0.06276842743150406
2205,-0.06284187871641102
2581,-0.06349787673719812
2475,-0.06397518161568476
3708,-0.06436023812292438
2835,-0.06439087616137561
2446,-0.06656978896694085
3419,-0.06779442222140303
1721,-0.0680983175093776
714,-0.0683191634533685
4028,-0.0721933428458111
2515,-0.07229962716663833
3550,-0.07299527723011856
1473,-0.07314270757359614
1718,-0.07382966162934983
2116,-0.0746212184135117
3264,-0.07520324961479957
4060,-0.07640813705205377
2547,-0.07666123166525429
3213,-0.07806038811486996
1614,-0.07901399866979256
3578,-0.07931444087827727
308,-0.07931444128896717
2346,-0.07931444138069701
568,-0.07931444188046703
1713,-0.07931444190203714
684,-0.0793144421879473
2969,-0.07931444223668471
3275,-0.07931444226292154
2126,-0.07931444239304834
253,-0.07931444260690555
4006,-0.0793144429507911
2013,-0.07931444414496261
855,-0.07950577260612625
1180,-0.07993457892024528
3830,-0.08183881751491277
3918,-0.08226135237269508
3165,-0.08273115996818856
598,-0.08434882487587256
768,-0.08464041718838272
312,-0.08609842797425718
4029,-0.08611439473137521
3964,-0.0865192256908898
1622,-0.08680712889923507
1866,-0.08721000598370887
619,-0.08763832882810244
2843,-0.08764401270494916
3828,-0.08775886210384685
3844,-0.08781974687244223
2937,-0.08948597658734712
140,-0.0897442868988407
1462,-0.09025337378094446
3632,-0.09057381322803112
2682,-0.09123383571954503
2877,-0.09153154937419376
1947,-0.09242648527090772
1014,-0.09306147101691664
3309,-0.09599859401659608
2226,-0.09641220916814151
2525,-0.09686837999859522
2382,-0.09890663509097541
3073,-0.09962842051093788
922,-0.10008731248048582
3824,-0.10148847293168026
2707,-0.10218711830428695
460,-0.1029948868059565
199,-0.10485508781660682
2624,-0.10510516753570195
2976,-0.10541598361587787
3068,-0.10578167918010135
1329,-0.10604464705644268
1668,-0.10642454043213498
3525,-0.10849736941786348
3067,-0.1086114835286296
1485,-0.10988587963582348
3128,-0.1121748271354712
181,-0.11228440368528099
538,-0.11400383622770309
3990,-0.11611146543432893
2259,-0.11776265902018464
220,-0.11790980254827473
1360,-0.11914538771568002
1217,-0.11930890488571497
3555,-0.12061629196504808
4004,-0.12161564282571466
3635,-0.12457028315360108
481,-0.12483166114463903
3270,-0.127064865197613
3995,-0.12706486763075014
4038,-0.12871621170544081
638,-0.12924260265858684
676,-0.13058493757381281
2807,-0.13418317621810325
2597,-0.13591622101092976
2253,-0.13684085677536703
34,-0.1374198606489946
2717,-0.1380203369498719
3623,-0.1383416248086276
3439,-0.13882288079936028
2558,-0.14251845916219472
3723,-0.14317777100387458
633,-0.14319343313159466
965,-0.14483228079521354
1782,-0.14887485799173353
1669,-0.15003938874710113
2419,-0.15068503852013815
1057,-0.1508873650063513
2109,-0.15195187913459923
634,-0.15352232801574522
3827,-0.15393936644933792
4011,-0.15397189349472654
862,-0.15742459947374338
3521,-0.1608254219043624
402,-0.16294794440744761
3210,-0.16304706742240885
1101,-0.1637196100278761
4043,-0.16431902633689416
2790,-0.1663506061292808
1133,-0.16693486583237147
2197,-0.16699283419093577
1809,-0.17037162057724597
3464,-0.17037162081901616
2865,-0.17037162349032112
3941,-0.17037162393172903
2311,-0.17037162653887158
2548,-0.17037162960258556
3613,-0.1707368425557116
3546,-0.17136463503612726
3134,-0.17409237227807858
2920,-0.1758308160182756
1149,-0.17607600050721955
3471,-0.17636364975588442
453,-0.17722593442611453
743,-0.1799419053448803
1825,-0.17997799978049986
3343,-0.18024520188008553
2051,-0.1806005387179606
3527,-0.18214328998817958
2182,-0.18469885981272907
1789,-0.18594355703513252
2308,-0.1864683635828177
28,-0.1866364394355119
3337,-0.18781697682154283
796,-0.18826720676407765
2587,-0.1883954953803677
513,-0.19025939936952635
1726,-0.1936444823210644
3766,-0.19572050080561362
2785,-0.19588719410365907
2738,-0.19756186588099867
135,-0.19827222527814287
183,-0.1986136960318052
1377,-0.2006539198075034
1200,-0.2009133885375573
3378,-0.20616110208991567
3620,-0.20849231711834876
3071,-0.209761989448965
2493,-0.21095238802233435
2824,-0.2113116280048522
2277,-0.21192596791867757
3900,-0.21287624268266167
3402,-0.21762573876233132
1259,-0.22364621200997573
2427,-0.226165688974368
298,-0.22707969271916362
2137,-0.22781563557061424
2562,-0.22896961450050038
3488,-0.22903294778413383
886,-0.22935414225122308
659,-0.2299655133217026
950,-0.23016350945081623
3848,-0.23165178036015682
1552,-0.23182097458940035
262,-0.23354603989122139
3955,-0.23665095654238658
3242,-0.23980355927058836
3481,-0.2399619429431238
1138,-0.24192869407836115
831,-0.24339979550073648
2305,-0.2495103690185144
984,-0.2570782084347436
675,-0.2593194571693042
1749,-0.25946136312074575
1984,-0.2618976860462855
970,-0.2690863957081555
3893,-0.26945420595423913
334,-0.27080542292530363
2462,-0.2711746663378523
230,-0.27221856572307035
3181,-0.2748507218868783
3387,-0.27807019049650206
2784,-0.27811642343752824
873,-0.27863389772576824
1899,-0.2903824011180946
2064,-0.29047948540941126
2479,-0.29072342755027286
3072,-0.29174699175848257
581,-0.2943714514478172
812,-0.294784493033831
3614,-0.3022369727947794
1956,-0.30615217792765365
2314,-0.30638802865729825
149,-0.30828215916834034
1304,-0.3086257588527034
1271,-0.31080029355931194
3566,-0.3136160853860547
4017,-0.3163674103348669
1845,-0.31692460043746673
415,-0.31819219723017034
643,-0.3228040095546032
2897,-0.32436268609076857
1357,-0.32502777004225974
3757,-0.32713363834165293
1118,-0.33185070423141805
3560,-0.33433637322153725
799,-0.3351011654798333
1374,-0.3459564354950217
3836,-0.350321341726478
1436,-0.35079696020349604
1263,-0.3538857431334485
645,-0.35425138183564375
1115,-0.36520816837043435
877,-0.3658044170781152
3269,-0.3751475407331478
621,-0.3760215170723348
3859,-0.37732597530252904
1093,-0.3821676545207279
1858,-0.3853067657507604
2356,-0.3883538796599256
3947,-0.39906965297545705
1744,-0.40096042348139366
990,-0.41117974592349416
2573,-0.4127338596009076
2716,-0.41422539505667777
3802,-0.4180045612196598
1991,-0.4220067780477395
472,-0.428540503513238
3520,-0.4368150778987072
713,-0.4399537032128203
3552,-0.44029078562626944
700,-0.44852875597405484
109,-0.45487675827478363
3598,-0.46114350409519184
2352,-0.4683071530849136
3572,-0.4820508600683091
920,-0.48602959469296725
1832,-0.49630293716982166
2057,-0.5982343676908031
3081,-0.6026575746574173
1597,-0.6166504082281347
1058,-0.6298986629667254
3469,-0.6637559246605779
4037,-0.7345603423033598
